"season","training.date","athlete","tl"
"Fall 2017","2017-08-19","Rhiannon Garcia",632
"Fall 2017","2017-08-19","Shajee'a al-Amiri",1035
"Fall 2017","2017-08-19","Brittany Valdez",948
"Fall 2017","2017-08-19","Urja Chaudhry",1264
"Fall 2017","2017-08-19","Kayla Mix",1242
"Fall 2017","2017-08-19","Mariana Lewis",948
"Fall 2017","2017-08-19","Nicole Tipton",948
"Fall 2017","2017-08-19","Marshelle Edwards",948
"Fall 2017","2017-08-19","Cinoi Slovonsky",1095
"Fall 2017","2017-08-20","Mariana Lewis",1112
"Fall 2017","2017-08-20","Shajee'a al-Amiri",860
"Fall 2017","2017-08-20","Brittany Valdez",1044
"Fall 2017","2017-08-20","Urja Chaudhry",740
"Fall 2017","2017-08-20","Kayla Mix",552
"Fall 2017","2017-08-20","Rhiannon Garcia",740
"Fall 2017","2017-08-20","Nicole Tipton",864
"Fall 2017","2017-08-20","Marshelle Edwards",1104
"Fall 2017","2017-08-20","Cinoi Slovonsky",800
"Fall 2017","2017-08-21","Shajee'a al-Amiri",1062
"Fall 2017","2017-08-21","Brittany Valdez",1062
"Fall 2017","2017-08-21","Urja Chaudhry",1002
"Fall 2017","2017-08-21","Nicole Tipton",1062
"Fall 2017","2017-08-21","Marshelle Edwards",1062
"Fall 2017","2017-08-21","Cinoi Slovonsky",885
"Fall 2017","2017-08-21","Rhiannon Garcia",885
"Fall 2017","2017-08-21","Mariana Lewis",1002
"Fall 2017","2017-08-21","Kayla Mix",468
"Fall 2017","2017-08-22","Kayla Mix",528
"Fall 2017","2017-08-22","Urja Chaudhry",528
"Fall 2017","2017-08-22","Brittany Valdez",528
"Fall 2017","2017-08-22","Marshelle Edwards",396
"Fall 2017","2017-08-22","Shajee'a al-Amiri",528
"Fall 2017","2017-08-22","Rhiannon Garcia",528
"Fall 2017","2017-08-22","Nicole Tipton",528
"Fall 2017","2017-08-22","Cinoi Slovonsky",528
"Fall 2017","2017-08-22","Mariana Lewis",528
"Fall 2017","2017-08-23","Brittany Valdez",720
"Fall 2017","2017-08-23","Urja Chaudhry",720
"Fall 2017","2017-08-23","Mariana Lewis",720
"Fall 2017","2017-08-23","Shajee'a al-Amiri",720
"Fall 2017","2017-08-23","Nicole Tipton",720
"Fall 2017","2017-08-23","Marshelle Edwards",720
"Fall 2017","2017-08-23","Cinoi Slovonsky",600
"Fall 2017","2017-08-23","Rhiannon Garcia",600
"Fall 2017","2017-08-23","Kayla Mix",480
"Fall 2017","2017-08-24","Kayla Mix",0
"Fall 2017","2017-08-24","Brittany Valdez",0
"Fall 2017","2017-08-24","Shajee'a al-Amiri",0
"Fall 2017","2017-08-24","Urja Chaudhry",0
"Fall 2017","2017-08-24","Mariana Lewis",0
"Fall 2017","2017-08-24","Nicole Tipton",0
"Fall 2017","2017-08-24","Marshelle Edwards",0
"Fall 2017","2017-08-24","Rhiannon Garcia",0
"Fall 2017","2017-08-24","Cinoi Slovonsky",0
"Fall 2017","2017-08-25","Mariana Lewis",696
"Fall 2017","2017-08-25","Shajee'a al-Amiri",696
"Fall 2017","2017-08-25","Brittany Valdez",696
"Fall 2017","2017-08-25","Urja Chaudhry",696
"Fall 2017","2017-08-25","Kayla Mix",870
"Fall 2017","2017-08-25","Rhiannon Garcia",696
"Fall 2017","2017-08-25","Nicole Tipton",696
"Fall 2017","2017-08-25","Marshelle Edwards",696
"Fall 2017","2017-08-25","Cinoi Slovonsky",696
"Fall 2017","2017-08-26","Shajee'a al-Amiri",480
"Fall 2017","2017-08-26","Brittany Valdez",600
"Fall 2017","2017-08-26","Urja Chaudhry",480
"Fall 2017","2017-08-26","Mariana Lewis",600
"Fall 2017","2017-08-26","Nicole Tipton",480
"Fall 2017","2017-08-26","Marshelle Edwards",720
"Fall 2017","2017-08-26","Cinoi Slovonsky",600
"Fall 2017","2017-08-26","Rhiannon Garcia",480
"Fall 2017","2017-08-26","Kayla Mix",480
"Fall 2017","2017-08-27","Rhiannon Garcia",0
"Fall 2017","2017-08-27","Shajee'a al-Amiri",0
"Fall 2017","2017-08-27","Brittany Valdez",0
"Fall 2017","2017-08-27","Urja Chaudhry",0
"Fall 2017","2017-08-27","Kayla Mix",0
"Fall 2017","2017-08-27","Mariana Lewis",0
"Fall 2017","2017-08-27","Nicole Tipton",0
"Fall 2017","2017-08-27","Marshelle Edwards",0
"Fall 2017","2017-08-27","Cinoi Slovonsky",0
"Fall 2017","2017-08-28","Shajee'a al-Amiri",1223
"Fall 2017","2017-08-28","Brittany Valdez",1330
"Fall 2017","2017-08-28","Urja Chaudhry",1330
"Fall 2017","2017-08-28","Rhiannon Garcia",957
"Fall 2017","2017-08-28","Nicole Tipton",1064
"Fall 2017","2017-08-28","Marshelle Edwards",1544
"Fall 2017","2017-08-28","Cinoi Slovonsky",957
"Fall 2017","2017-08-28","Kayla Mix",1223
"Fall 2017","2017-08-28","Mariana Lewis",428
"Fall 2017","2017-08-29","Brittany Valdez",336
"Fall 2017","2017-08-29","Urja Chaudhry",420
"Fall 2017","2017-08-29","Mariana Lewis",0
"Fall 2017","2017-08-29","Nicole Tipton",420
"Fall 2017","2017-08-29","Marshelle Edwards",420
"Fall 2017","2017-08-29","Cinoi Slovonsky",420
"Fall 2017","2017-08-29","Rhiannon Garcia",420
"Fall 2017","2017-08-29","Shajee'a al-Amiri",420
"Fall 2017","2017-08-29","Kayla Mix",336
"Fall 2017","2017-08-30","Kayla Mix",850
"Fall 2017","2017-08-30","Brittany Valdez",1020
"Fall 2017","2017-08-30","Shajee'a al-Amiri",1190
"Fall 2017","2017-08-30","Urja Chaudhry",1020
"Fall 2017","2017-08-30","Nicole Tipton",1020
"Fall 2017","2017-08-30","Marshelle Edwards",1020
"Fall 2017","2017-08-30","Rhiannon Garcia",680
"Fall 2017","2017-08-30","Cinoi Slovonsky",1020
"Fall 2017","2017-08-30","Mariana Lewis",1190
"Fall 2017","2017-08-31","Brittany Valdez",0
"Fall 2017","2017-08-31","Urja Chaudhry",0
"Fall 2017","2017-08-31","Mariana Lewis",0
"Fall 2017","2017-08-31","Shajee'a al-Amiri",0
"Fall 2017","2017-08-31","Nicole Tipton",0
"Fall 2017","2017-08-31","Marshelle Edwards",0
"Fall 2017","2017-08-31","Cinoi Slovonsky",0
"Fall 2017","2017-08-31","Rhiannon Garcia",0
"Fall 2017","2017-08-31","Kayla Mix",0
"Fall 2017","2017-09-01","Kayla Mix",0
"Fall 2017","2017-09-01","Brittany Valdez",0
"Fall 2017","2017-09-01","Shajee'a al-Amiri",0
"Fall 2017","2017-09-01","Urja Chaudhry",0
"Fall 2017","2017-09-01","Nicole Tipton",0
"Fall 2017","2017-09-01","Marshelle Edwards",0
"Fall 2017","2017-09-01","Rhiannon Garcia",0
"Fall 2017","2017-09-01","Mariana Lewis",0
"Fall 2017","2017-09-01","Cinoi Slovonsky",0
"Fall 2017","2017-09-02","Kayla Mix",0
"Fall 2017","2017-09-02","Urja Chaudhry",0
"Fall 2017","2017-09-02","Brittany Valdez",0
"Fall 2017","2017-09-02","Marshelle Edwards",0
"Fall 2017","2017-09-02","Shajee'a al-Amiri",0
"Fall 2017","2017-09-02","Rhiannon Garcia",0
"Fall 2017","2017-09-02","Nicole Tipton",0
"Fall 2017","2017-09-02","Cinoi Slovonsky",0
"Fall 2017","2017-09-02","Mariana Lewis",0
"Fall 2017","2017-09-03","Shajee'a al-Amiri",0
"Fall 2017","2017-09-03","Brittany Valdez",0
"Fall 2017","2017-09-03","Urja Chaudhry",0
"Fall 2017","2017-09-03","Mariana Lewis",0
"Fall 2017","2017-09-03","Nicole Tipton",0
"Fall 2017","2017-09-03","Marshelle Edwards",0
"Fall 2017","2017-09-03","Cinoi Slovonsky",0
"Fall 2017","2017-09-03","Rhiannon Garcia",0
"Fall 2017","2017-09-03","Kayla Mix",0
"Fall 2017","2017-09-04","Shajee'a al-Amiri",1125
"Fall 2017","2017-09-04","Brittany Valdez",1250
"Fall 2017","2017-09-04","Urja Chaudhry",1000
"Fall 2017","2017-09-04","Rhiannon Garcia",875
"Fall 2017","2017-09-04","Nicole Tipton",875
"Fall 2017","2017-09-04","Marshelle Edwards",1250
"Fall 2017","2017-09-04","Cinoi Slovonsky",875
"Fall 2017","2017-09-04","Kayla Mix",875
"Fall 2017","2017-09-04","Mariana Lewis",1250
"Fall 2017","2017-09-05","Brittany Valdez",648
"Fall 2017","2017-09-05","Urja Chaudhry",648
"Fall 2017","2017-09-05","Mariana Lewis",648
"Fall 2017","2017-09-05","Nicole Tipton",704
"Fall 2017","2017-09-05","Marshelle Edwards",648
"Fall 2017","2017-09-05","Cinoi Slovonsky",648
"Fall 2017","2017-09-05","Rhiannon Garcia",648
"Fall 2017","2017-09-05","Shajee'a al-Amiri",760
"Fall 2017","2017-09-05","Kayla Mix",0
"Fall 2017","2017-09-06","Kayla Mix",0
"Fall 2017","2017-09-06","Shajee'a al-Amiri",645
"Fall 2017","2017-09-06","Brittany Valdez",645
"Fall 2017","2017-09-06","Urja Chaudhry",645
"Fall 2017","2017-09-06","Nicole Tipton",645
"Fall 2017","2017-09-06","Marshelle Edwards",516
"Fall 2017","2017-09-06","Cinoi Slovonsky",645
"Fall 2017","2017-09-06","Rhiannon Garcia",516
"Fall 2017","2017-09-06","Mariana Lewis",645
"Fall 2017","2017-09-07","Brittany Valdez",308
"Fall 2017","2017-09-07","Shajee'a al-Amiri",308
"Fall 2017","2017-09-07","Urja Chaudhry",154
"Fall 2017","2017-09-07","Kayla Mix",77
"Fall 2017","2017-09-07","Rhiannon Garcia",154
"Fall 2017","2017-09-07","Nicole Tipton",154
"Fall 2017","2017-09-07","Marshelle Edwards",231
"Fall 2017","2017-09-07","Cinoi Slovonsky",231
"Fall 2017","2017-09-07","Mariana Lewis",231
"Fall 2017","2017-09-08","Urja Chaudhry",0
"Fall 2017","2017-09-08","Rhiannon Garcia",0
"Fall 2017","2017-09-08","Shajee'a al-Amiri",0
"Fall 2017","2017-09-08","Brittany Valdez",0
"Fall 2017","2017-09-08","Mariana Lewis",0
"Fall 2017","2017-09-08","Nicole Tipton",0
"Fall 2017","2017-09-08","Marshelle Edwards",0
"Fall 2017","2017-09-08","Cinoi Slovonsky",0
"Fall 2017","2017-09-08","Kayla Mix",0
"Fall 2017","2017-09-09","Kayla Mix",363
"Fall 2017","2017-09-09","Brittany Valdez",484
"Fall 2017","2017-09-09","Shajee'a al-Amiri",726
"Fall 2017","2017-09-09","Urja Chaudhry",605
"Fall 2017","2017-09-09","Nicole Tipton",484
"Fall 2017","2017-09-09","Marshelle Edwards",605
"Fall 2017","2017-09-09","Rhiannon Garcia",484
"Fall 2017","2017-09-09","Cinoi Slovonsky",605
"Fall 2017","2017-09-09","Mariana Lewis",484
"Fall 2017","2017-09-10","Brittany Valdez",579
"Fall 2017","2017-09-10","Shajee'a al-Amiri",1287
"Fall 2017","2017-09-10","Urja Chaudhry",450
"Fall 2017","2017-09-10","Kayla Mix",644
"Fall 2017","2017-09-10","Cinoi Slovonsky",965
"Fall 2017","2017-09-10","Mariana Lewis",193
"Fall 2017","2017-09-10","Rhiannon Garcia",193
"Fall 2017","2017-09-10","Marshelle Edwards",901
"Fall 2017","2017-09-10","Nicole Tipton",772
"Fall 2017","2017-09-11","Shajee'a al-Amiri",0
"Fall 2017","2017-09-11","Rhiannon Garcia",0
"Fall 2017","2017-09-11","Urja Chaudhry",0
"Fall 2017","2017-09-11","Brittany Valdez",0
"Fall 2017","2017-09-11","Mariana Lewis",0
"Fall 2017","2017-09-11","Nicole Tipton",0
"Fall 2017","2017-09-11","Marshelle Edwards",0
"Fall 2017","2017-09-11","Cinoi Slovonsky",0
"Fall 2017","2017-09-11","Kayla Mix",0
"Fall 2017","2017-09-12","Brittany Valdez",0
"Fall 2017","2017-09-12","Urja Chaudhry",0
"Fall 2017","2017-09-12","Shajee'a al-Amiri",0
"Fall 2017","2017-09-12","Nicole Tipton",0
"Fall 2017","2017-09-12","Marshelle Edwards",0
"Fall 2017","2017-09-12","Cinoi Slovonsky",0
"Fall 2017","2017-09-12","Rhiannon Garcia",0
"Fall 2017","2017-09-12","Kayla Mix",0
"Fall 2017","2017-09-12","Mariana Lewis",0
"Fall 2017","2017-09-13","Brittany Valdez",760
"Fall 2017","2017-09-13","Shajee'a al-Amiri",883
"Fall 2017","2017-09-13","Urja Chaudhry",693
"Fall 2017","2017-09-13","Kayla Mix",816
"Fall 2017","2017-09-13","Rhiannon Garcia",760
"Fall 2017","2017-09-13","Nicole Tipton",883
"Fall 2017","2017-09-13","Marshelle Edwards",1140
"Fall 2017","2017-09-13","Cinoi Slovonsky",760
"Fall 2017","2017-09-13","Mariana Lewis",760
"Fall 2017","2017-09-14","Urja Chaudhry",455
"Fall 2017","2017-09-14","Rhiannon Garcia",260
"Fall 2017","2017-09-14","Shajee'a al-Amiri",325
"Fall 2017","2017-09-14","Brittany Valdez",325
"Fall 2017","2017-09-14","Mariana Lewis",260
"Fall 2017","2017-09-14","Nicole Tipton",260
"Fall 2017","2017-09-14","Marshelle Edwards",455
"Fall 2017","2017-09-14","Cinoi Slovonsky",260
"Fall 2017","2017-09-14","Kayla Mix",325
"Fall 2017","2017-09-15","Mariana Lewis",660
"Fall 2017","2017-09-15","Brittany Valdez",880
"Fall 2017","2017-09-15","Urja Chaudhry",562
"Fall 2017","2017-09-15","Kayla Mix",782
"Fall 2017","2017-09-15","Nicole Tipton",880
"Fall 2017","2017-09-15","Marshelle Edwards",684
"Fall 2017","2017-09-15","Rhiannon Garcia",440
"Fall 2017","2017-09-15","Cinoi Slovonsky",782
"Fall 2017","2017-09-15","Shajee'a al-Amiri",318
"Fall 2017","2017-09-16","Brittany Valdez",493
"Fall 2017","2017-09-16","Shajee'a al-Amiri",1492
"Fall 2017","2017-09-16","Urja Chaudhry",866
"Fall 2017","2017-09-16","Kayla Mix",1239
"Fall 2017","2017-09-16","Cinoi Slovonsky",1132
"Fall 2017","2017-09-16","Nicole Tipton",999
"Fall 2017","2017-09-16","Marshelle Edwards",386
"Fall 2017","2017-09-16","Rhiannon Garcia",386
"Fall 2017","2017-09-16","Mariana Lewis",879
"Fall 2017","2017-09-17","Urja Chaudhry",0
"Fall 2017","2017-09-17","Rhiannon Garcia",0
"Fall 2017","2017-09-17","Shajee'a al-Amiri",0
"Fall 2017","2017-09-17","Brittany Valdez",0
"Fall 2017","2017-09-17","Mariana Lewis",0
"Fall 2017","2017-09-17","Nicole Tipton",0
"Fall 2017","2017-09-17","Marshelle Edwards",0
"Fall 2017","2017-09-17","Cinoi Slovonsky",0
"Fall 2017","2017-09-17","Kayla Mix",0
"Fall 2017","2017-09-18","Kayla Mix",534
"Fall 2017","2017-09-18","Brittany Valdez",832
"Fall 2017","2017-09-18","Shajee'a al-Amiri",712
"Fall 2017","2017-09-18","Urja Chaudhry",712
"Fall 2017","2017-09-18","Cinoi Slovonsky",534
"Fall 2017","2017-09-18","Nicole Tipton",654
"Fall 2017","2017-09-18","Marshelle Edwards",1014
"Fall 2017","2017-09-18","Rhiannon Garcia",534
"Fall 2017","2017-09-18","Mariana Lewis",712
"Fall 2017","2017-09-19","Urja Chaudhry",468
"Fall 2017","2017-09-19","Brittany Valdez",468
"Fall 2017","2017-09-19","Rhiannon Garcia",468
"Fall 2017","2017-09-19","Shajee'a al-Amiri",702
"Fall 2017","2017-09-19","Mariana Lewis",468
"Fall 2017","2017-09-19","Nicole Tipton",585
"Fall 2017","2017-09-19","Marshelle Edwards",702
"Fall 2017","2017-09-19","Cinoi Slovonsky",468
"Fall 2017","2017-09-19","Kayla Mix",468
"Fall 2017","2017-09-20","Brittany Valdez",468
"Fall 2017","2017-09-20","Urja Chaudhry",468
"Fall 2017","2017-09-20","Shajee'a al-Amiri",585
"Fall 2017","2017-09-20","Nicole Tipton",468
"Fall 2017","2017-09-20","Marshelle Edwards",468
"Fall 2017","2017-09-20","Cinoi Slovonsky",351
"Fall 2017","2017-09-20","Rhiannon Garcia",468
"Fall 2017","2017-09-20","Kayla Mix",351
"Fall 2017","2017-09-20","Mariana Lewis",468
"Fall 2017","2017-09-21","Shajee'a al-Amiri",230
"Fall 2017","2017-09-21","Brittany Valdez",460
"Fall 2017","2017-09-21","Urja Chaudhry",345
"Fall 2017","2017-09-21","Mariana Lewis",230
"Fall 2017","2017-09-21","Nicole Tipton",805
"Fall 2017","2017-09-21","Marshelle Edwards",460
"Fall 2017","2017-09-21","Cinoi Slovonsky",230
"Fall 2017","2017-09-21","Rhiannon Garcia",115
"Fall 2017","2017-09-21","Kayla Mix",115
"Fall 2017","2017-09-22","Shajee'a al-Amiri",496
"Fall 2017","2017-09-22","Brittany Valdez",496
"Fall 2017","2017-09-22","Urja Chaudhry",372
"Fall 2017","2017-09-22","Rhiannon Garcia",496
"Fall 2017","2017-09-22","Kayla Mix",124
"Fall 2017","2017-09-22","Nicole Tipton",124
"Fall 2017","2017-09-22","Marshelle Edwards",868
"Fall 2017","2017-09-22","Cinoi Slovonsky",372
"Fall 2017","2017-09-22","Mariana Lewis",620
"Fall 2017","2017-09-23","Shajee'a al-Amiri",1855
"Fall 2017","2017-09-23","Brittany Valdez",909
"Fall 2017","2017-09-23","Urja Chaudhry",1515
"Fall 2017","2017-09-23","Mariana Lewis",1116
"Fall 2017","2017-09-23","Nicole Tipton",303
"Fall 2017","2017-09-23","Marshelle Edwards",2424
"Fall 2017","2017-09-23","Cinoi Slovonsky",1345
"Fall 2017","2017-09-23","Rhiannon Garcia",909
"Fall 2017","2017-09-23","Kayla Mix",303
"Fall 2017","2017-09-24","Shajee'a al-Amiri",0
"Fall 2017","2017-09-24","Brittany Valdez",0
"Fall 2017","2017-09-24","Urja Chaudhry",0
"Fall 2017","2017-09-24","Rhiannon Garcia",0
"Fall 2017","2017-09-24","Nicole Tipton",0
"Fall 2017","2017-09-24","Marshelle Edwards",0
"Fall 2017","2017-09-24","Cinoi Slovonsky",0
"Fall 2017","2017-09-24","Kayla Mix",0
"Fall 2017","2017-09-24","Mariana Lewis",0
"Fall 2017","2017-09-25","Brittany Valdez",461
"Fall 2017","2017-09-25","Urja Chaudhry",524
"Fall 2017","2017-09-25","Mariana Lewis",524
"Fall 2017","2017-09-25","Nicole Tipton",325
"Fall 2017","2017-09-25","Marshelle Edwards",524
"Fall 2017","2017-09-25","Cinoi Slovonsky",388
"Fall 2017","2017-09-25","Rhiannon Garcia",393
"Fall 2017","2017-09-25","Shajee'a al-Amiri",325
"Fall 2017","2017-09-25","Kayla Mix",393
"Fall 2017","2017-09-26","Kayla Mix",575
"Fall 2017","2017-09-26","Brittany Valdez",460
"Fall 2017","2017-09-26","Shajee'a al-Amiri",460
"Fall 2017","2017-09-26","Urja Chaudhry",460
"Fall 2017","2017-09-26","Nicole Tipton",115
"Fall 2017","2017-09-26","Marshelle Edwards",690
"Fall 2017","2017-09-26","Rhiannon Garcia",345
"Fall 2017","2017-09-26","Cinoi Slovonsky",460
"Fall 2017","2017-09-26","Mariana Lewis",460
"Fall 2017","2017-09-27","Brittany Valdez",826
"Fall 2017","2017-09-27","Urja Chaudhry",472
"Fall 2017","2017-09-27","Mariana Lewis",708
"Fall 2017","2017-09-27","Shajee'a al-Amiri",944
"Fall 2017","2017-09-27","Nicole Tipton",118
"Fall 2017","2017-09-27","Marshelle Edwards",944
"Fall 2017","2017-09-27","Cinoi Slovonsky",590
"Fall 2017","2017-09-27","Rhiannon Garcia",472
"Fall 2017","2017-09-27","Kayla Mix",708
"Fall 2017","2017-09-28","Kayla Mix",994
"Fall 2017","2017-09-28","Brittany Valdez",426
"Fall 2017","2017-09-28","Shajee'a al-Amiri",568
"Fall 2017","2017-09-28","Urja Chaudhry",568
"Fall 2017","2017-09-28","Nicole Tipton",142
"Fall 2017","2017-09-28","Marshelle Edwards",568
"Fall 2017","2017-09-28","Rhiannon Garcia",710
"Fall 2017","2017-09-28","Mariana Lewis",142
"Fall 2017","2017-09-28","Cinoi Slovonsky",710
"Fall 2017","2017-09-29","Rhiannon Garcia",0
"Fall 2017","2017-09-29","Urja Chaudhry",0
"Fall 2017","2017-09-29","Shajee'a al-Amiri",0
"Fall 2017","2017-09-29","Kayla Mix",0
"Fall 2017","2017-09-29","Brittany Valdez",0
"Fall 2017","2017-09-29","Nicole Tipton",0
"Fall 2017","2017-09-29","Cinoi Slovonsky",0
"Fall 2017","2017-09-29","Marshelle Edwards",0
"Fall 2017","2017-09-29","Mariana Lewis",0
"Fall 2017","2017-09-30","Shajee'a al-Amiri",2205
"Fall 2017","2017-09-30","Brittany Valdez",945
"Fall 2017","2017-09-30","Urja Chaudhry",1575
"Fall 2017","2017-09-30","Mariana Lewis",2205
"Fall 2017","2017-09-30","Nicole Tipton",315
"Fall 2017","2017-09-30","Marshelle Edwards",630
"Fall 2017","2017-09-30","Cinoi Slovonsky",1575
"Fall 2017","2017-09-30","Rhiannon Garcia",1575
"Fall 2017","2017-09-30","Kayla Mix",1890
"Fall 2017","2017-10-01","Shajee'a al-Amiri",0
"Fall 2017","2017-10-01","Brittany Valdez",0
"Fall 2017","2017-10-01","Urja Chaudhry",0
"Fall 2017","2017-10-01","Rhiannon Garcia",0
"Fall 2017","2017-10-01","Nicole Tipton",0
"Fall 2017","2017-10-01","Marshelle Edwards",0
"Fall 2017","2017-10-01","Cinoi Slovonsky",0
"Fall 2017","2017-10-01","Kayla Mix",0
"Fall 2017","2017-10-01","Mariana Lewis",0
"Fall 2017","2017-10-02","Brittany Valdez",840
"Fall 2017","2017-10-02","Urja Chaudhry",840
"Fall 2017","2017-10-02","Mariana Lewis",980
"Fall 2017","2017-10-02","Nicole Tipton",140
"Fall 2017","2017-10-02","Marshelle Edwards",840
"Fall 2017","2017-10-02","Cinoi Slovonsky",420
"Fall 2017","2017-10-02","Rhiannon Garcia",560
"Fall 2017","2017-10-02","Shajee'a al-Amiri",840
"Fall 2017","2017-10-02","Kayla Mix",700
"Fall 2017","2017-10-03","Kayla Mix",920
"Fall 2017","2017-10-03","Shajee'a al-Amiri",920
"Fall 2017","2017-10-03","Brittany Valdez",552
"Fall 2017","2017-10-03","Urja Chaudhry",184
"Fall 2017","2017-10-03","Nicole Tipton",184
"Fall 2017","2017-10-03","Marshelle Edwards",1104
"Fall 2017","2017-10-03","Cinoi Slovonsky",1104
"Fall 2017","2017-10-03","Rhiannon Garcia",552
"Fall 2017","2017-10-03","Mariana Lewis",1288
"Fall 2017","2017-10-04","Brittany Valdez",480
"Fall 2017","2017-10-04","Urja Chaudhry",480
"Fall 2017","2017-10-04","Mariana Lewis",360
"Fall 2017","2017-10-04","Shajee'a al-Amiri",480
"Fall 2017","2017-10-04","Nicole Tipton",720
"Fall 2017","2017-10-04","Marshelle Edwards",720
"Fall 2017","2017-10-04","Cinoi Slovonsky",600
"Fall 2017","2017-10-04","Rhiannon Garcia",480
"Fall 2017","2017-10-04","Kayla Mix",600
"Fall 2017","2017-10-05","Kayla Mix",1015
"Fall 2017","2017-10-05","Brittany Valdez",716
"Fall 2017","2017-10-05","Shajee'a al-Amiri",956
"Fall 2017","2017-10-05","Urja Chaudhry",897
"Fall 2017","2017-10-05","Nicole Tipton",956
"Fall 2017","2017-10-05","Marshelle Edwards",1375
"Fall 2017","2017-10-05","Rhiannon Garcia",657
"Fall 2017","2017-10-05","Mariana Lewis",836
"Fall 2017","2017-10-05","Cinoi Slovonsky",777
"Fall 2017","2017-10-06","Kayla Mix",615
"Fall 2017","2017-10-06","Urja Chaudhry",369
"Fall 2017","2017-10-06","Shajee'a al-Amiri",615
"Fall 2017","2017-10-06","Brittany Valdez",369
"Fall 2017","2017-10-06","Cinoi Slovonsky",369
"Fall 2017","2017-10-06","Marshelle Edwards",492
"Fall 2017","2017-10-06","Rhiannon Garcia",492
"Fall 2017","2017-10-06","Mariana Lewis",492
"Fall 2017","2017-10-06","Nicole Tipton",123
"Fall 2017","2017-10-07","Brittany Valdez",783
"Fall 2017","2017-10-07","Urja Chaudhry",1182
"Fall 2017","2017-10-07","Mariana Lewis",261
"Fall 2017","2017-10-07","Shajee'a al-Amiri",921
"Fall 2017","2017-10-07","Nicole Tipton",261
"Fall 2017","2017-10-07","Marshelle Edwards",906
"Fall 2017","2017-10-07","Cinoi Slovonsky",1044
"Fall 2017","2017-10-07","Rhiannon Garcia",1182
"Fall 2017","2017-10-07","Kayla Mix",1320
"Fall 2017","2017-10-08","Kayla Mix",0
"Fall 2017","2017-10-08","Shajee'a al-Amiri",0
"Fall 2017","2017-10-08","Brittany Valdez",0
"Fall 2017","2017-10-08","Urja Chaudhry",0
"Fall 2017","2017-10-08","Mariana Lewis",0
"Fall 2017","2017-10-08","Nicole Tipton",0
"Fall 2017","2017-10-08","Marshelle Edwards",0
"Fall 2017","2017-10-08","Rhiannon Garcia",0
"Fall 2017","2017-10-08","Cinoi Slovonsky",0
"Fall 2017","2017-10-09","Mariana Lewis",360
"Fall 2017","2017-10-09","Brittany Valdez",480
"Fall 2017","2017-10-09","Urja Chaudhry",360
"Fall 2017","2017-10-09","Kayla Mix",360
"Fall 2017","2017-10-09","Shajee'a al-Amiri",120
"Fall 2017","2017-10-09","Nicole Tipton",120
"Fall 2017","2017-10-09","Marshelle Edwards",600
"Fall 2017","2017-10-09","Cinoi Slovonsky",240
"Fall 2017","2017-10-09","Rhiannon Garcia",360
"Fall 2017","2017-10-10","Shajee'a al-Amiri",749
"Fall 2017","2017-10-10","Brittany Valdez",749
"Fall 2017","2017-10-10","Urja Chaudhry",642
"Fall 2017","2017-10-10","Cinoi Slovonsky",428
"Fall 2017","2017-10-10","Kayla Mix",428
"Fall 2017","2017-10-10","Rhiannon Garcia",428
"Fall 2017","2017-10-10","Mariana Lewis",107
"Fall 2017","2017-10-10","Marshelle Edwards",856
"Fall 2017","2017-10-10","Nicole Tipton",107
"Fall 2017","2017-10-11","Rhiannon Garcia",644
"Fall 2017","2017-10-11","Kayla Mix",854
"Fall 2017","2017-10-11","Shajee'a al-Amiri",693
"Fall 2017","2017-10-11","Urja Chaudhry",693
"Fall 2017","2017-10-11","Brittany Valdez",854
"Fall 2017","2017-10-11","Nicole Tipton",329
"Fall 2017","2017-10-11","Cinoi Slovonsky",588
"Fall 2017","2017-10-11","Mariana Lewis",693
"Fall 2017","2017-10-11","Marshelle Edwards",854
"Fall 2017","2017-10-12","Cinoi Slovonsky",396
"Fall 2017","2017-10-12","Urja Chaudhry",495
"Fall 2017","2017-10-12","Kayla Mix",495
"Fall 2017","2017-10-12","Mariana Lewis",594
"Fall 2017","2017-10-12","Marshelle Edwards",693
"Fall 2017","2017-10-12","Rhiannon Garcia",396
"Fall 2017","2017-10-12","Nicole Tipton",99
"Fall 2017","2017-10-12","Brittany Valdez",594
"Fall 2017","2017-10-12","Shajee'a al-Amiri",495
"Fall 2017","2017-10-13","Kayla Mix",535
"Fall 2017","2017-10-13","Shajee'a al-Amiri",535
"Fall 2017","2017-10-13","Brittany Valdez",749
"Fall 2017","2017-10-13","Urja Chaudhry",856
"Fall 2017","2017-10-13","Mariana Lewis",535
"Fall 2017","2017-10-13","Nicole Tipton",107
"Fall 2017","2017-10-13","Marshelle Edwards",856
"Fall 2017","2017-10-13","Cinoi Slovonsky",428
"Fall 2017","2017-10-13","Rhiannon Garcia",428
"Fall 2017","2017-10-14","Kayla Mix",1175
"Fall 2017","2017-10-14","Mariana Lewis",1175
"Fall 2017","2017-10-14","Shajee'a al-Amiri",1060
"Fall 2017","2017-10-14","Brittany Valdez",470
"Fall 2017","2017-10-14","Urja Chaudhry",715
"Fall 2017","2017-10-14","Rhiannon Garcia",1175
"Fall 2017","2017-10-14","Nicole Tipton",235
"Fall 2017","2017-10-14","Marshelle Edwards",1290
"Fall 2017","2017-10-14","Cinoi Slovonsky",1175
"Fall 2017","2017-10-15","Shajee'a al-Amiri",0
"Fall 2017","2017-10-15","Brittany Valdez",0
"Fall 2017","2017-10-15","Urja Chaudhry",0
"Fall 2017","2017-10-15","Nicole Tipton",0
"Fall 2017","2017-10-15","Marshelle Edwards",0
"Fall 2017","2017-10-15","Cinoi Slovonsky",0
"Fall 2017","2017-10-15","Rhiannon Garcia",0
"Fall 2017","2017-10-15","Mariana Lewis",0
"Fall 2017","2017-10-15","Kayla Mix",0
"Fall 2017","2017-10-16","Kayla Mix",310
"Fall 2017","2017-10-16","Urja Chaudhry",186
"Fall 2017","2017-10-16","Brittany Valdez",248
"Fall 2017","2017-10-16","Rhiannon Garcia",62
"Fall 2017","2017-10-16","Shajee'a al-Amiri",310
"Fall 2017","2017-10-16","Nicole Tipton",310
"Fall 2017","2017-10-16","Marshelle Edwards",248
"Fall 2017","2017-10-16","Cinoi Slovonsky",62
"Fall 2017","2017-10-16","Mariana Lewis",310
"Fall 2017","2017-10-17","Brittany Valdez",1064
"Fall 2017","2017-10-17","Urja Chaudhry",665
"Fall 2017","2017-10-17","Mariana Lewis",931
"Fall 2017","2017-10-17","Shajee'a al-Amiri",931
"Fall 2017","2017-10-17","Nicole Tipton",133
"Fall 2017","2017-10-17","Marshelle Edwards",665
"Fall 2017","2017-10-17","Cinoi Slovonsky",532
"Fall 2017","2017-10-17","Rhiannon Garcia",665
"Fall 2017","2017-10-17","Kayla Mix",532
"Fall 2017","2017-10-18","Kayla Mix",472
"Fall 2017","2017-10-18","Brittany Valdez",118
"Fall 2017","2017-10-18","Shajee'a al-Amiri",118
"Fall 2017","2017-10-18","Urja Chaudhry",590
"Fall 2017","2017-10-18","Mariana Lewis",472
"Fall 2017","2017-10-18","Nicole Tipton",118
"Fall 2017","2017-10-18","Marshelle Edwards",590
"Fall 2017","2017-10-18","Rhiannon Garcia",590
"Fall 2017","2017-10-18","Cinoi Slovonsky",590
"Fall 2017","2017-10-19","Mariana Lewis",580
"Fall 2017","2017-10-19","Kayla Mix",464
"Fall 2017","2017-10-19","Shajee'a al-Amiri",696
"Fall 2017","2017-10-19","Brittany Valdez",580
"Fall 2017","2017-10-19","Urja Chaudhry",464
"Fall 2017","2017-10-19","Rhiannon Garcia",464
"Fall 2017","2017-10-19","Nicole Tipton",116
"Fall 2017","2017-10-19","Marshelle Edwards",812
"Fall 2017","2017-10-19","Cinoi Slovonsky",580
"Fall 2017","2017-10-20","Shajee'a al-Amiri",236
"Fall 2017","2017-10-20","Brittany Valdez",177
"Fall 2017","2017-10-20","Urja Chaudhry",177
"Fall 2017","2017-10-20","Mariana Lewis",177
"Fall 2017","2017-10-20","Nicole Tipton",59
"Fall 2017","2017-10-20","Marshelle Edwards",236
"Fall 2017","2017-10-20","Cinoi Slovonsky",177
"Fall 2017","2017-10-20","Rhiannon Garcia",236
"Fall 2017","2017-10-20","Kayla Mix",177
"Fall 2017","2017-10-21","Shajee'a al-Amiri",2065
"Fall 2017","2017-10-21","Brittany Valdez",590
"Fall 2017","2017-10-21","Urja Chaudhry",295
"Fall 2017","2017-10-21","Rhiannon Garcia",1475
"Fall 2017","2017-10-21","Nicole Tipton",295
"Fall 2017","2017-10-21","Marshelle Edwards",885
"Fall 2017","2017-10-21","Cinoi Slovonsky",2065
"Fall 2017","2017-10-21","Kayla Mix",1475
"Fall 2017","2017-10-21","Mariana Lewis",885
"Fall 2017","2017-10-22","Brittany Valdez",0
"Fall 2017","2017-10-22","Urja Chaudhry",0
"Fall 2017","2017-10-22","Mariana Lewis",0
"Fall 2017","2017-10-22","Nicole Tipton",0
"Fall 2017","2017-10-22","Marshelle Edwards",0
"Fall 2017","2017-10-22","Cinoi Slovonsky",0
"Fall 2017","2017-10-22","Rhiannon Garcia",0
"Fall 2017","2017-10-22","Shajee'a al-Amiri",0
"Fall 2017","2017-10-22","Kayla Mix",0
"Fall 2017","2017-10-23","Kayla Mix",570
"Fall 2017","2017-10-23","Brittany Valdez",456
"Fall 2017","2017-10-23","Shajee'a al-Amiri",456
"Fall 2017","2017-10-23","Urja Chaudhry",456
"Fall 2017","2017-10-23","Nicole Tipton",114
"Fall 2017","2017-10-23","Marshelle Edwards",456
"Fall 2017","2017-10-23","Rhiannon Garcia",456
"Fall 2017","2017-10-23","Cinoi Slovonsky",570
"Fall 2017","2017-10-23","Mariana Lewis",570
"Fall 2017","2017-10-24","Brittany Valdez",663
"Fall 2017","2017-10-24","Urja Chaudhry",221
"Fall 2017","2017-10-24","Mariana Lewis",1105
"Fall 2017","2017-10-24","Shajee'a al-Amiri",1105
"Fall 2017","2017-10-24","Nicole Tipton",1105
"Fall 2017","2017-10-24","Marshelle Edwards",1105
"Fall 2017","2017-10-24","Cinoi Slovonsky",1326
"Fall 2017","2017-10-24","Rhiannon Garcia",1105
"Fall 2017","2017-10-24","Kayla Mix",884
"Fall 2017","2017-10-25","Kayla Mix",640
"Fall 2017","2017-10-25","Brittany Valdez",512
"Fall 2017","2017-10-25","Shajee'a al-Amiri",512
"Fall 2017","2017-10-25","Urja Chaudhry",512
"Fall 2017","2017-10-25","Nicole Tipton",128
"Fall 2017","2017-10-25","Marshelle Edwards",640
"Fall 2017","2017-10-25","Rhiannon Garcia",512
"Fall 2017","2017-10-25","Mariana Lewis",896
"Fall 2017","2017-10-25","Cinoi Slovonsky",512
"Fall 2017","2017-10-26","Kayla Mix",750
"Fall 2017","2017-10-26","Urja Chaudhry",852
"Fall 2017","2017-10-26","Brittany Valdez",792
"Fall 2017","2017-10-26","Rhiannon Garcia",708
"Fall 2017","2017-10-26","Shajee'a al-Amiri",690
"Fall 2017","2017-10-26","Nicole Tipton",402
"Fall 2017","2017-10-26","Marshelle Edwards",954
"Fall 2017","2017-10-26","Cinoi Slovonsky",750
"Fall 2017","2017-10-26","Mariana Lewis",972
"Fall 2017","2017-10-27","Brittany Valdez",360
"Fall 2017","2017-10-27","Urja Chaudhry",600
"Fall 2017","2017-10-27","Mariana Lewis",600
"Fall 2017","2017-10-27","Shajee'a al-Amiri",360
"Fall 2017","2017-10-27","Nicole Tipton",120
"Fall 2017","2017-10-27","Marshelle Edwards",840
"Fall 2017","2017-10-27","Cinoi Slovonsky",480
"Fall 2017","2017-10-27","Rhiannon Garcia",480
"Fall 2017","2017-10-27","Kayla Mix",480
"Fall 2017","2017-10-28","Kayla Mix",1416
"Fall 2017","2017-10-28","Shajee'a al-Amiri",1138
"Fall 2017","2017-10-28","Brittany Valdez",1072
"Fall 2017","2017-10-28","Urja Chaudhry",1416
"Fall 2017","2017-10-28","Mariana Lewis",827
"Fall 2017","2017-10-28","Nicole Tipton",311
"Fall 2017","2017-10-28","Marshelle Edwards",1588
"Fall 2017","2017-10-28","Rhiannon Garcia",1555
"Fall 2017","2017-10-28","Cinoi Slovonsky",1244
"Fall 2017","2017-10-29","Mariana Lewis",0
"Fall 2017","2017-10-29","Shajee'a al-Amiri",0
"Fall 2017","2017-10-29","Brittany Valdez",0
"Fall 2017","2017-10-29","Kayla Mix",0
"Fall 2017","2017-10-29","Urja Chaudhry",0
"Fall 2017","2017-10-29","Nicole Tipton",0
"Fall 2017","2017-10-29","Marshelle Edwards",0
"Fall 2017","2017-10-29","Cinoi Slovonsky",0
"Fall 2017","2017-10-29","Rhiannon Garcia",0
"Fall 2017","2017-10-30","Shajee'a al-Amiri",138
"Fall 2017","2017-10-30","Brittany Valdez",276
"Fall 2017","2017-10-30","Urja Chaudhry",345
"Fall 2017","2017-10-30","Cinoi Slovonsky",207
"Fall 2017","2017-10-30","Kayla Mix",276
"Fall 2017","2017-10-30","Rhiannon Garcia",276
"Fall 2017","2017-10-30","Mariana Lewis",276
"Fall 2017","2017-10-30","Marshelle Edwards",276
"Fall 2017","2017-10-30","Nicole Tipton",69
"Fall 2017","2017-10-31","Cinoi Slovonsky",958
"Fall 2017","2017-10-31","Kayla Mix",737
"Fall 2017","2017-10-31","Shajee'a al-Amiri",759
"Fall 2017","2017-10-31","Urja Chaudhry",818
"Fall 2017","2017-10-31","Brittany Valdez",597
"Fall 2017","2017-10-31","Marshelle Edwards",656
"Fall 2017","2017-10-31","Rhiannon Garcia",877
"Fall 2017","2017-10-31","Nicole Tipton",619
"Fall 2017","2017-10-31","Mariana Lewis",398
