"jumpDate","athlete","jumpType","flightTime","session"
"2015-08-15","Benjamin Babatunde","SJ",0.6,"BL"
"2015-08-15","Benjamin Babatunde","SJ",0.61,"BL"
"2015-08-15","Joo Garand","SJ",0.62,"BL"
"2015-08-15","Joo Garand","SJ",0.62,"BL"
"2015-08-15","Steve Galligan","SJ",0.57,"BL"
"2015-08-15","Steve Galligan","SJ",0.57,"BL"
"2015-08-15","Jungsoo Moua","SJ",0.58,"BL"
"2015-08-15","Jungsoo Moua","SJ",0.58,"BL"
"2015-08-15","Naadir el-Mahdavi","SJ",0.63,"BL"
"2015-08-15","Naadir el-Mahdavi","SJ",0.62,"BL"
"2015-08-15","Brandon Troxel","SJ",0.54,"BL"
"2015-08-15","Brandon Troxel","SJ",0.54,"BL"
"2015-08-15","Aqeel al-Hossain","SJ",0.64,"BL"
"2015-08-15","Aqeel al-Hossain","SJ",0.64,"BL"
"2015-08-15","Darin Russell","SJ",0.58,"BL"
"2015-08-15","Darin Russell","SJ",0.57,"BL"
"2015-08-15","Aiden Jaeger","SJ",0.54,"BL"
"2015-08-15","Aiden Jaeger","SJ",0.53,"BL"
"2015-08-15","Tony Cha","SJ",0.64,"BL"
"2015-08-15","Tony Cha","SJ",0.63,"BL"
"2015-08-15","Kevin Querubin","SJ",0.64,"BL"
"2015-08-15","Kevin Querubin","SJ",0.64,"BL"
"2015-08-15","Joaquin Martinez","SJ",0.57,"BL"
"2015-08-15","Joaquin Martinez","SJ",0.56,"BL"
"2015-08-15","Rocky Mccarty","SJ",0.54,"BL"
"2015-08-15","Rocky Mccarty","SJ",0.54,"BL"
"2015-08-15","Keandre Johnson","SJ",0.61,"BL"
"2015-08-15","Keandre Johnson","SJ",0.61,"BL"
"2015-08-15","Scott Lucero","SJ",0.6,"BL"
"2015-08-15","Scott Lucero","SJ",0.59,"BL"
"2015-08-15","Max Zuniga","SJ",0.64,"BL"
"2015-08-15","Max Zuniga","SJ",0.64,"BL"
"2015-08-15","Torben Mcclelland","SJ",0.58,"BL"
"2015-08-15","Torben Mcclelland","SJ",0.57,"BL"
"2015-08-15","Marzooq al-Fahs","SJ",0.57,"BL"
"2015-08-15","Marzooq al-Fahs","SJ",0.56,"BL"
"2015-08-15","Muhaajir al-Mirza","SJ",0.58,"BL"
"2015-08-15","Muhaajir al-Mirza","SJ",0.59,"BL"
"2015-08-15","Shawn James","SJ",0.6,"BL"
"2015-08-15","Shawn James","SJ",0.6,"BL"
"2015-08-15","Andrew Ortiz-Gonzales","SJ",0.61,"BL"
"2015-08-15","Andrew Ortiz-Gonzales","SJ",0.6,"BL"
"2015-08-15","Taaha el-Qazi","SJ",0.55,"BL"
"2015-08-15","Taaha el-Qazi","SJ",0.55,"BL"
"2015-08-15","Lawrence Tamayo","SJ",0.57,"BL"
"2015-08-15","Lawrence Tamayo","SJ",0.57,"BL"
"2015-08-15","Husaam al-Ishak","SJ",0.47,"BL"
"2015-08-15","Husaam al-Ishak","SJ",0.47,"BL"
"2015-08-15","Bishr el-Hamdan","SJ",0.55,"BL"
"2015-08-15","Bishr el-Hamdan","SJ",0.55,"BL"
"2015-08-15","Arun Bruckner","SJ",0.52,"BL"
"2015-08-15","Arun Bruckner","SJ",0.51,"BL"
"2015-08-15","Mori Tani","SJ",0.58,"BL"
"2015-08-15","Mori Tani","SJ",0.58,"BL"
"2015-08-15","Tayyib al-Wahab","SJ",0.58,"BL"
"2015-08-15","Tayyib al-Wahab","SJ",0.58,"BL"
"2015-08-15","Saleem el-Sham","SJ",0.64,"BL"
"2015-08-15","Saleem el-Sham","SJ",0.63,"BL"
"2015-08-19","Benjamin Babatunde","SJ",0.59,"1"
"2015-08-19","Benjamin Babatunde","SJ",0.58,"1"
"2015-08-19","Joo Garand","SJ",0.6,"1"
"2015-08-19","Joo Garand","SJ",0.6,"1"
"2015-08-19","Steve Galligan","SJ",0.58,"1"
"2015-08-19","Steve Galligan","SJ",0.59,"1"
"2015-08-19","Jungsoo Moua","SJ",0.56,"1"
"2015-08-19","Jungsoo Moua","SJ",0.55,"1"
"2015-08-19","Kong Meng Hutchinson","SJ",0.6,"1"
"2015-08-19","Kong Meng Hutchinson","SJ",0.6,"1"
"2015-08-19","Naadir el-Mahdavi","SJ",0.61,"1"
"2015-08-19","Naadir el-Mahdavi","SJ",0.6,"1"
"2015-08-19","Brandon Troxel","SJ",0.52,"1"
"2015-08-19","Brandon Troxel","SJ",0.53,"1"
"2015-08-19","Aqeel al-Hossain","SJ",0.61,"1"
"2015-08-19","Aqeel al-Hossain","SJ",0.6,"1"
"2015-08-19","Darin Russell","SJ",0.53,"1"
"2015-08-19","Darin Russell","SJ",0.54,"1"
"2015-08-19","Sahl al-Sader","SJ",0.57,"1"
"2015-08-19","Sahl al-Sader","SJ",0.58,"1"
"2015-08-19","Aiden Jaeger","SJ",0.53,"1"
"2015-08-19","Aiden Jaeger","SJ",0.54,"1"
"2015-08-19","Tony Cha","SJ",0.59,"1"
"2015-08-19","Tony Cha","SJ",0.59,"1"
"2015-08-19","Kevin Querubin","SJ",0.61,"1"
"2015-08-19","Kevin Querubin","SJ",0.61,"1"
"2015-08-19","Joaquin Martinez","SJ",0.54,"1"
"2015-08-19","Joaquin Martinez","SJ",0.54,"1"
"2015-08-19","Rocky Mccarty","SJ",0.53,"1"
"2015-08-19","Rocky Mccarty","SJ",0.53,"1"
"2015-08-19","Keandre Johnson","SJ",0.61,"1"
"2015-08-19","Keandre Johnson","SJ",0.6,"1"
"2015-08-19","Scott Lucero","SJ",0.58,"1"
"2015-08-19","Scott Lucero","SJ",0.57,"1"
"2015-08-19","Max Zuniga","SJ",0.61,"1"
"2015-08-19","Max Zuniga","SJ",0.62,"1"
"2015-08-19","Torben Mcclelland","SJ",0.57,"1"
"2015-08-19","Torben Mcclelland","SJ",0.58,"1"
"2015-08-19","Marzooq al-Fahs","SJ",0.61,"1"
"2015-08-19","Marzooq al-Fahs","SJ",0.61,"1"
"2015-08-19","Muhaajir al-Mirza","SJ",0.59,"1"
"2015-08-19","Muhaajir al-Mirza","SJ",0.6,"1"
"2015-08-19","Shawn James","SJ",0.57,"1"
"2015-08-19","Shawn James","SJ",0.57,"1"
"2015-08-19","Andrew Ortiz-Gonzales","SJ",0.61,"1"
"2015-08-19","Andrew Ortiz-Gonzales","SJ",0.61,"1"
"2015-08-19","Taaha el-Qazi","SJ",0.53,"1"
"2015-08-19","Taaha el-Qazi","SJ",0.54,"1"
"2015-08-19","Lawrence Tamayo","SJ",0.58,"1"
"2015-08-19","Lawrence Tamayo","SJ",0.57,"1"
"2015-08-19","Husaam al-Ishak","SJ",0.51,"1"
"2015-08-19","Husaam al-Ishak","SJ",0.52,"1"
"2015-08-19","Bishr el-Hamdan","SJ",0.55,"1"
"2015-08-19","Bishr el-Hamdan","SJ",0.55,"1"
"2015-08-19","Arun Bruckner","SJ",0.52,"1"
"2015-08-19","Arun Bruckner","SJ",0.52,"1"
"2015-08-19","Mori Tani","SJ",0.57,"1"
"2015-08-19","Mori Tani","SJ",0.56,"1"
"2015-08-19","Tayyib al-Wahab","SJ",0.56,"1"
"2015-08-19","Tayyib al-Wahab","SJ",0.57,"1"
"2015-08-19","Saleem el-Sham","SJ",0.58,"1"
"2015-08-19","Saleem el-Sham","SJ",0.59,"1"
"2015-08-20","Benjamin Babatunde","SJ",0.64,"2"
"2015-08-20","Benjamin Babatunde","SJ",0.64,"2"
"2015-08-20","Joo Garand","SJ",0.62,"2"
"2015-08-20","Joo Garand","SJ",0.62,"2"
"2015-08-20","Steve Galligan","SJ",0.58,"2"
"2015-08-20","Steve Galligan","SJ",0.59,"2"
"2015-08-20","Jungsoo Moua","SJ",0.58,"2"
"2015-08-20","Jungsoo Moua","SJ",0.57,"2"
"2015-08-20","Kong Meng Hutchinson","SJ",0.59,"2"
"2015-08-20","Kong Meng Hutchinson","SJ",0.6,"2"
"2015-08-20","Naadir el-Mahdavi","SJ",0.58,"2"
"2015-08-20","Naadir el-Mahdavi","SJ",0.59,"2"
"2015-08-20","Aqeel al-Hossain","SJ",0.59,"2"
"2015-08-20","Aqeel al-Hossain","SJ",0.59,"2"
"2015-08-20","Darin Russell","SJ",0.58,"2"
"2015-08-20","Darin Russell","SJ",0.57,"2"
"2015-08-20","Sahl al-Sader","SJ",0.61,"2"
"2015-08-20","Sahl al-Sader","SJ",0.61,"2"
"2015-08-20","Aiden Jaeger","SJ",0.54,"2"
"2015-08-20","Aiden Jaeger","SJ",0.54,"2"
"2015-08-20","Tony Cha","SJ",0.65,"2"
"2015-08-20","Tony Cha","SJ",0.64,"2"
"2015-08-20","Kevin Querubin","SJ",0.64,"2"
"2015-08-20","Kevin Querubin","SJ",0.63,"2"
"2015-08-20","Kordell Thompson","SJ",0.52,"2"
"2015-08-20","Kordell Thompson","SJ",0.52,"2"
"2015-08-20","Joaquin Martinez","SJ",0.54,"2"
"2015-08-20","Joaquin Martinez","SJ",0.54,"2"
"2015-08-20","Rocky Mccarty","SJ",0.55,"2"
"2015-08-20","Rocky Mccarty","SJ",0.55,"2"
"2015-08-20","Scott Lucero","SJ",0.6,"2"
"2015-08-20","Scott Lucero","SJ",0.59,"2"
"2015-08-20","Max Zuniga","SJ",0.62,"2"
"2015-08-20","Max Zuniga","SJ",0.61,"2"
"2015-08-20","Torben Mcclelland","SJ",0.57,"2"
"2015-08-20","Torben Mcclelland","SJ",0.58,"2"
"2015-08-20","Marzooq al-Fahs","SJ",0.62,"2"
"2015-08-20","Marzooq al-Fahs","SJ",0.61,"2"
"2015-08-20","Muhaajir al-Mirza","SJ",0.6,"2"
"2015-08-20","Muhaajir al-Mirza","SJ",0.6,"2"
"2015-08-20","Shawn James","SJ",0.58,"2"
"2015-08-20","Shawn James","SJ",0.58,"2"
"2015-08-20","Andrew Ortiz-Gonzales","SJ",0.6,"2"
"2015-08-20","Andrew Ortiz-Gonzales","SJ",0.6,"2"
"2015-08-20","Taaha el-Qazi","SJ",0.55,"2"
"2015-08-20","Taaha el-Qazi","SJ",0.55,"2"
"2015-08-20","Lawrence Tamayo","SJ",0.59,"2"
"2015-08-20","Lawrence Tamayo","SJ",0.59,"2"
"2015-08-20","Husaam al-Ishak","SJ",0.53,"2"
"2015-08-20","Husaam al-Ishak","SJ",0.53,"2"
"2015-08-20","Bishr el-Hamdan","SJ",0.56,"2"
"2015-08-20","Bishr el-Hamdan","SJ",0.56,"2"
"2015-08-20","Arun Bruckner","SJ",0.54,"2"
"2015-08-20","Arun Bruckner","SJ",0.55,"2"
"2015-08-20","Mori Tani","SJ",0.55,"2"
"2015-08-20","Mori Tani","SJ",0.56,"2"
"2015-08-20","Tayyib al-Wahab","SJ",0.59,"2"
"2015-08-20","Tayyib al-Wahab","SJ",0.59,"2"
"2015-08-20","Saleem el-Sham","SJ",0.61,"2"
"2015-08-20","Saleem el-Sham","SJ",0.62,"2"
"2015-08-22","Benjamin Babatunde","SJ",0.63,"3"
"2015-08-22","Benjamin Babatunde","SJ",0.63,"3"
"2015-08-22","Joo Garand","SJ",0.62,"3"
"2015-08-22","Joo Garand","SJ",0.63,"3"
"2015-08-22","Steve Galligan","SJ",0.58,"3"
"2015-08-22","Steve Galligan","SJ",0.57,"3"
"2015-08-22","Jungsoo Moua","SJ",0.59,"3"
"2015-08-22","Jungsoo Moua","SJ",0.59,"3"
"2015-08-22","Kong Meng Hutchinson","SJ",0.6,"3"
"2015-08-22","Kong Meng Hutchinson","SJ",0.61,"3"
"2015-08-22","Naadir el-Mahdavi","SJ",0.61,"3"
"2015-08-22","Naadir el-Mahdavi","SJ",0.61,"3"
"2015-08-22","Brandon Troxel","SJ",0.52,"3"
"2015-08-22","Brandon Troxel","SJ",0.51,"3"
"2015-08-22","Aqeel al-Hossain","SJ",0.6,"3"
"2015-08-22","Aqeel al-Hossain","SJ",0.61,"3"
"2015-08-22","Darin Russell","SJ",0.54,"3"
"2015-08-22","Darin Russell","SJ",0.53,"3"
"2015-08-22","Sahl al-Sader","SJ",0.61,"3"
"2015-08-22","Sahl al-Sader","SJ",0.6,"3"
"2015-08-22","Aiden Jaeger","SJ",0.56,"3"
"2015-08-22","Aiden Jaeger","SJ",0.56,"3"
"2015-08-22","Tony Cha","SJ",0.63,"3"
"2015-08-22","Tony Cha","SJ",0.63,"3"
"2015-08-22","Kevin Querubin","SJ",0.63,"3"
"2015-08-22","Kevin Querubin","SJ",0.63,"3"
"2015-08-22","Joaquin Martinez","SJ",0.55,"3"
"2015-08-22","Joaquin Martinez","SJ",0.56,"3"
"2015-08-22","Rocky Mccarty","SJ",0.56,"3"
"2015-08-22","Rocky Mccarty","SJ",0.57,"3"
"2015-08-22","Keandre Johnson","SJ",0.63,"3"
"2015-08-22","Keandre Johnson","SJ",0.62,"3"
"2015-08-22","Scott Lucero","SJ",0.6,"3"
"2015-08-22","Scott Lucero","SJ",0.61,"3"
"2015-08-22","Max Zuniga","SJ",0.63,"3"
"2015-08-22","Max Zuniga","SJ",0.63,"3"
"2015-08-22","Torben Mcclelland","SJ",0.59,"3"
"2015-08-22","Torben Mcclelland","SJ",0.58,"3"
"2015-08-22","Marzooq al-Fahs","SJ",0.6,"3"
"2015-08-22","Marzooq al-Fahs","SJ",0.6,"3"
"2015-08-22","Muhaajir al-Mirza","SJ",0.59,"3"
"2015-08-22","Muhaajir al-Mirza","SJ",0.6,"3"
"2015-08-22","Shawn James","SJ",0.59,"3"
"2015-08-22","Shawn James","SJ",0.6,"3"
"2015-08-22","Andrew Ortiz-Gonzales","SJ",0.63,"3"
"2015-08-22","Andrew Ortiz-Gonzales","SJ",0.61,"3"
"2015-08-22","Taaha el-Qazi","SJ",0.54,"3"
"2015-08-22","Taaha el-Qazi","SJ",0.55,"3"
"2015-08-22","Lawrence Tamayo","SJ",0.6,"3"
"2015-08-22","Lawrence Tamayo","SJ",0.59,"3"
"2015-08-22","Husaam al-Ishak","SJ",0.53,"3"
"2015-08-22","Husaam al-Ishak","SJ",0.52,"3"
"2015-08-22","Bishr el-Hamdan","SJ",0.55,"3"
"2015-08-22","Bishr el-Hamdan","SJ",0.56,"3"
"2015-08-22","Arun Bruckner","SJ",0.56,"3"
"2015-08-22","Arun Bruckner","SJ",0.55,"3"
"2015-08-22","Mori Tani","SJ",0.56,"3"
"2015-08-22","Mori Tani","SJ",0.56,"3"
"2015-08-22","Tayyib al-Wahab","SJ",0.62,"3"
"2015-08-22","Tayyib al-Wahab","SJ",0.62,"3"
"2015-08-22","Saleem el-Sham","SJ",0.61,"3"
"2015-08-22","Saleem el-Sham","SJ",0.61,"3"
"2015-08-22","Kordell Thompson","SJ",0.56,"3"
"2015-08-22","Kordell Thompson","SJ",0.58,"3"
"2015-08-25","Benjamin Babatunde","SJ",0.63,"4"
"2015-08-25","Benjamin Babatunde","SJ",0.62,"4"
"2015-08-25","Joo Garand","SJ",0.6,"4"
"2015-08-25","Joo Garand","SJ",0.6,"4"
"2015-08-25","Steve Galligan","SJ",0.58,"4"
"2015-08-25","Steve Galligan","SJ",0.58,"4"
"2015-08-25","Jungsoo Moua","SJ",0.57,"4"
"2015-08-25","Jungsoo Moua","SJ",0.56,"4"
"2015-08-25","Kong Meng Hutchinson","SJ",0.61,"4"
"2015-08-25","Kong Meng Hutchinson","SJ",0.6,"4"
"2015-08-25","Naadir el-Mahdavi","SJ",0.59,"4"
"2015-08-25","Naadir el-Mahdavi","SJ",0.59,"4"
"2015-08-25","Aqeel al-Hossain","SJ",0.57,"4"
"2015-08-25","Aqeel al-Hossain","SJ",0.56,"4"
"2015-08-25","Darin Russell","SJ",0.55,"4"
"2015-08-25","Darin Russell","SJ",0.55,"4"
"2015-08-25","Sahl al-Sader","SJ",0.59,"4"
"2015-08-25","Sahl al-Sader","SJ",0.59,"4"
"2015-08-25","Aiden Jaeger","SJ",0.55,"4"
"2015-08-25","Aiden Jaeger","SJ",0.55,"4"
"2015-08-25","Tony Cha","SJ",0.64,"4"
"2015-08-25","Tony Cha","SJ",0.63,"4"
"2015-08-25","Kordell Thompson","SJ",0.59,"4"
"2015-08-25","Kordell Thompson","SJ",0.59,"4"
"2015-08-25","Joaquin Martinez","SJ",0.51,"4"
"2015-08-25","Joaquin Martinez","SJ",0.52,"4"
"2015-08-25","Rocky Mccarty","SJ",0.53,"4"
"2015-08-25","Rocky Mccarty","SJ",0.52,"4"
"2015-08-25","Keandre Johnson","SJ",0.64,"4"
"2015-08-25","Keandre Johnson","SJ",0.64,"4"
"2015-08-25","Scott Lucero","SJ",0.54,"4"
"2015-08-25","Scott Lucero","SJ",0.53,"4"
"2015-08-25","Max Zuniga","SJ",0.6,"4"
"2015-08-25","Max Zuniga","SJ",0.6,"4"
"2015-08-25","Torben Mcclelland","SJ",0.58,"4"
"2015-08-25","Torben Mcclelland","SJ",0.59,"4"
"2015-08-25","Marzooq al-Fahs","SJ",0.59,"4"
"2015-08-25","Marzooq al-Fahs","SJ",0.58,"4"
"2015-08-25","Muhaajir al-Mirza","SJ",0.58,"4"
"2015-08-25","Muhaajir al-Mirza","SJ",0.57,"4"
"2015-08-25","Shawn James","SJ",0.58,"4"
"2015-08-25","Shawn James","SJ",0.58,"4"
"2015-08-25","Andrew Ortiz-Gonzales","SJ",0.61,"4"
"2015-08-25","Andrew Ortiz-Gonzales","SJ",0.61,"4"
"2015-08-25","Taaha el-Qazi","SJ",0.54,"4"
"2015-08-25","Taaha el-Qazi","SJ",0.54,"4"
"2015-08-25","Lawrence Tamayo","SJ",0.59,"4"
"2015-08-25","Lawrence Tamayo","SJ",0.59,"4"
"2015-08-25","Husaam al-Ishak","SJ",0.52,"4"
"2015-08-25","Husaam al-Ishak","SJ",0.53,"4"
"2015-08-25","Bishr el-Hamdan","SJ",0.57,"4"
"2015-08-25","Bishr el-Hamdan","SJ",0.57,"4"
"2015-08-25","Arun Bruckner","SJ",0.53,"4"
"2015-08-25","Arun Bruckner","SJ",0.53,"4"
"2015-08-25","Mori Tani","SJ",0.57,"4"
"2015-08-25","Mori Tani","SJ",0.58,"4"
"2015-08-25","Tayyib al-Wahab","SJ",0.62,"4"
"2015-08-25","Tayyib al-Wahab","SJ",0.62,"4"
"2015-08-25","Saleem el-Sham","SJ",0.59,"4"
"2015-08-25","Saleem el-Sham","SJ",0.59,"4"
"2015-08-25","Brandon Troxel","SJ",0.53,"4"
"2015-08-25","Brandon Troxel","SJ",0.54,"4"
"2015-08-28","Benjamin Babatunde","SJ",0.61,"5"
"2015-08-28","Benjamin Babatunde","SJ",0.61,"5"
"2015-08-28","Joo Garand","SJ",0.61,"5"
"2015-08-28","Joo Garand","SJ",0.61,"5"
"2015-08-28","Steve Galligan","SJ",0.59,"5"
"2015-08-28","Steve Galligan","SJ",0.59,"5"
"2015-08-28","Jungsoo Moua","SJ",0.57,"5"
"2015-08-28","Jungsoo Moua","SJ",0.58,"5"
"2015-08-28","Kong Meng Hutchinson","SJ",0.59,"5"
"2015-08-28","Kong Meng Hutchinson","SJ",0.59,"5"
"2015-08-28","Naadir el-Mahdavi","SJ",0.64,"5"
"2015-08-28","Naadir el-Mahdavi","SJ",0.63,"5"
"2015-08-28","Aqeel al-Hossain","SJ",0.59,"5"
"2015-08-28","Aqeel al-Hossain","SJ",0.6,"5"
"2015-08-28","Darin Russell","SJ",0.54,"5"
"2015-08-28","Darin Russell","SJ",0.54,"5"
"2015-08-28","Sahl al-Sader","SJ",0.59,"5"
"2015-08-28","Sahl al-Sader","SJ",0.6,"5"
"2015-08-28","Aiden Jaeger","SJ",0.54,"5"
"2015-08-28","Aiden Jaeger","SJ",0.53,"5"
"2015-08-28","Tony Cha","SJ",0.63,"5"
"2015-08-28","Tony Cha","SJ",0.64,"5"
"2015-08-28","Kordell Thompson","SJ",0.58,"5"
"2015-08-28","Kordell Thompson","SJ",0.58,"5"
"2015-08-28","Joaquin Martinez","SJ",0.54,"5"
"2015-08-28","Joaquin Martinez","SJ",0.54,"5"
"2015-08-28","Rocky Mccarty","SJ",0.53,"5"
"2015-08-28","Rocky Mccarty","SJ",0.53,"5"
"2015-08-28","Scott Lucero","SJ",0.59,"5"
"2015-08-28","Scott Lucero","SJ",0.58,"5"
"2015-08-28","Max Zuniga","SJ",0.62,"5"
"2015-08-28","Max Zuniga","SJ",0.61,"5"
"2015-08-28","Torben Mcclelland","SJ",0.59,"5"
"2015-08-28","Torben Mcclelland","SJ",0.6,"5"
"2015-08-28","Marzooq al-Fahs","SJ",0.63,"5"
"2015-08-28","Marzooq al-Fahs","SJ",0.63,"5"
"2015-08-28","Muhaajir al-Mirza","SJ",0.6,"5"
"2015-08-28","Muhaajir al-Mirza","SJ",0.6,"5"
"2015-08-28","Andrew Ortiz-Gonzales","SJ",0.63,"5"
"2015-08-28","Andrew Ortiz-Gonzales","SJ",0.63,"5"
"2015-08-28","Taaha el-Qazi","SJ",0.55,"5"
"2015-08-28","Taaha el-Qazi","SJ",0.54,"5"
"2015-08-28","Lawrence Tamayo","SJ",0.58,"5"
"2015-08-28","Lawrence Tamayo","SJ",0.59,"5"
"2015-08-28","Husaam al-Ishak","SJ",0.51,"5"
"2015-08-28","Husaam al-Ishak","SJ",0.51,"5"
"2015-08-28","Bishr el-Hamdan","SJ",0.58,"5"
"2015-08-28","Bishr el-Hamdan","SJ",0.57,"5"
"2015-08-28","Arun Bruckner","SJ",0.52,"5"
"2015-08-28","Arun Bruckner","SJ",0.53,"5"
"2015-08-28","Mori Tani","SJ",0.58,"5"
"2015-08-28","Mori Tani","SJ",0.58,"5"
"2015-08-28","Tayyib al-Wahab","SJ",0.61,"5"
"2015-08-28","Tayyib al-Wahab","SJ",0.62,"5"
"2015-08-28","Saleem el-Sham","SJ",0.59,"5"
"2015-08-28","Saleem el-Sham","SJ",0.59,"5"
"2015-09-01","Benjamin Babatunde","SJ",0.6,"6"
"2015-09-01","Benjamin Babatunde","SJ",0.6,"6"
"2015-09-01","Joo Garand","SJ",0.61,"6"
"2015-09-01","Joo Garand","SJ",0.61,"6"
"2015-09-01","Steve Galligan","SJ",0.59,"6"
"2015-09-01","Steve Galligan","SJ",0.59,"6"
"2015-09-01","Jungsoo Moua","SJ",0.58,"6"
"2015-09-01","Jungsoo Moua","SJ",0.57,"6"
"2015-09-01","Naadir el-Mahdavi","SJ",0.62,"6"
"2015-09-01","Naadir el-Mahdavi","SJ",0.61,"6"
"2015-09-01","Aqeel al-Hossain","SJ",0.61,"6"
"2015-09-01","Aqeel al-Hossain","SJ",0.6,"6"
"2015-09-01","Darin Russell","SJ",0.53,"6"
"2015-09-01","Darin Russell","SJ",0.54,"6"
"2015-09-01","Sahl al-Sader","SJ",0.6,"6"
"2015-09-01","Sahl al-Sader","SJ",0.61,"6"
"2015-09-01","Aiden Jaeger","SJ",0.55,"6"
"2015-09-01","Aiden Jaeger","SJ",0.55,"6"
"2015-09-01","Tony Cha","SJ",0.62,"6"
"2015-09-01","Tony Cha","SJ",0.62,"6"
"2015-09-01","Kevin Querubin","SJ",0.62,"6"
"2015-09-01","Kevin Querubin","SJ",0.61,"6"
"2015-09-01","Kordell Thompson","SJ",0.57,"6"
"2015-09-01","Kordell Thompson","SJ",0.57,"6"
"2015-09-01","Joaquin Martinez","SJ",0.56,"6"
"2015-09-01","Joaquin Martinez","SJ",0.57,"6"
"2015-09-01","Rocky Mccarty","SJ",0.56,"6"
"2015-09-01","Rocky Mccarty","SJ",0.56,"6"
"2015-09-01","Keandre Johnson","SJ",0.62,"6"
"2015-09-01","Keandre Johnson","SJ",0.62,"6"
"2015-09-01","Scott Lucero","SJ",0.6,"6"
"2015-09-01","Scott Lucero","SJ",0.59,"6"
"2015-09-01","Max Zuniga","SJ",0.64,"6"
"2015-09-01","Max Zuniga","SJ",0.64,"6"
"2015-09-01","Torben Mcclelland","SJ",0.58,"6"
"2015-09-01","Torben Mcclelland","SJ",0.58,"6"
"2015-09-01","Marzooq al-Fahs","SJ",0.6,"6"
"2015-09-01","Marzooq al-Fahs","SJ",0.61,"6"
"2015-09-01","Muhaajir al-Mirza","SJ",0.62,"6"
"2015-09-01","Muhaajir al-Mirza","SJ",0.62,"6"
"2015-09-01","Shawn James","SJ",0.6,"6"
"2015-09-01","Shawn James","SJ",0.6,"6"
"2015-09-01","Andrew Ortiz-Gonzales","SJ",0.63,"6"
"2015-09-01","Andrew Ortiz-Gonzales","SJ",0.62,"6"
"2015-09-01","Taaha el-Qazi","SJ",0.56,"6"
"2015-09-01","Taaha el-Qazi","SJ",0.56,"6"
"2015-09-01","Lawrence Tamayo","SJ",0.6,"6"
"2015-09-01","Lawrence Tamayo","SJ",0.6,"6"
"2015-09-01","Husaam al-Ishak","SJ",0.54,"6"
"2015-09-01","Husaam al-Ishak","SJ",0.54,"6"
"2015-09-01","Bishr el-Hamdan","SJ",0.58,"6"
"2015-09-01","Bishr el-Hamdan","SJ",0.59,"6"
"2015-09-01","Arun Bruckner","SJ",0.54,"6"
"2015-09-01","Arun Bruckner","SJ",0.54,"6"
"2015-09-01","Mori Tani","SJ",0.59,"6"
"2015-09-01","Mori Tani","SJ",0.6,"6"
"2015-09-01","Tayyib al-Wahab","SJ",0.62,"6"
"2015-09-01","Tayyib al-Wahab","SJ",0.63,"6"
"2015-09-01","Saleem el-Sham","SJ",0.62,"6"
"2015-09-01","Saleem el-Sham","SJ",0.62,"6"
"2015-09-05","Joo Garand","SJ",0.6,"7"
"2015-09-05","Joo Garand","SJ",0.6,"7"
"2015-09-05","Steve Galligan","SJ",0.59,"7"
"2015-09-05","Steve Galligan","SJ",0.59,"7"
"2015-09-05","Jungsoo Moua","SJ",0.57,"7"
"2015-09-05","Jungsoo Moua","SJ",0.57,"7"
"2015-09-05","Naadir el-Mahdavi","SJ",0.6,"7"
"2015-09-05","Naadir el-Mahdavi","SJ",0.6,"7"
"2015-09-05","Darin Russell","SJ",0.52,"7"
"2015-09-05","Darin Russell","SJ",0.52,"7"
"2015-09-05","Kordell Thompson","SJ",0.56,"7"
"2015-09-05","Kordell Thompson","SJ",0.56,"7"
"2015-09-05","Joaquin Martinez","SJ",0.55,"7"
"2015-09-05","Joaquin Martinez","SJ",0.54,"7"
"2015-09-05","Rocky Mccarty","SJ",0.53,"7"
"2015-09-05","Rocky Mccarty","SJ",0.54,"7"
"2015-09-05","Keandre Johnson","SJ",0.63,"7"
"2015-09-05","Keandre Johnson","SJ",0.62,"7"
"2015-09-05","Torben Mcclelland","SJ",0.61,"7"
"2015-09-05","Torben Mcclelland","SJ",0.6,"7"
"2015-09-05","Marzooq al-Fahs","SJ",0.63,"7"
"2015-09-05","Marzooq al-Fahs","SJ",0.63,"7"
"2015-09-05","Muhaajir al-Mirza","SJ",0.6,"7"
"2015-09-05","Muhaajir al-Mirza","SJ",0.61,"7"
"2015-09-05","Taaha el-Qazi","SJ",0.57,"7"
"2015-09-05","Taaha el-Qazi","SJ",0.56,"7"
"2015-09-05","Lawrence Tamayo","SJ",0.57,"7"
"2015-09-05","Lawrence Tamayo","SJ",0.57,"7"
"2015-09-05","Husaam al-Ishak","SJ",0.52,"7"
"2015-09-05","Husaam al-Ishak","SJ",0.51,"7"
"2015-09-05","Bishr el-Hamdan","SJ",0.57,"7"
"2015-09-05","Bishr el-Hamdan","SJ",0.56,"7"
"2015-09-05","Mori Tani","SJ",0.6,"7"
"2015-09-05","Mori Tani","SJ",0.61,"7"
"2015-09-05","Tayyib al-Wahab","SJ",0.62,"7"
"2015-09-05","Tayyib al-Wahab","SJ",0.63,"7"
"2015-09-05","Benjamin Babatunde","SJ",0.6,"7"
"2015-09-05","Benjamin Babatunde","SJ",0.61,"7"
"2015-09-05","Kong Meng Hutchinson","SJ",0.58,"7"
"2015-09-05","Kong Meng Hutchinson","SJ",0.58,"7"
"2015-09-05","Brandon Troxel","SJ",0.52,"7"
"2015-09-05","Brandon Troxel","SJ",0.53,"7"
"2015-09-05","Aqeel al-Hossain","SJ",0.59,"7"
"2015-09-05","Aqeel al-Hossain","SJ",0.59,"7"
"2015-09-05","Sahl al-Sader","SJ",0.6,"7"
"2015-09-05","Sahl al-Sader","SJ",0.6,"7"
"2015-09-05","Aiden Jaeger","SJ",0.52,"7"
"2015-09-05","Aiden Jaeger","SJ",0.51,"7"
"2015-09-05","Tony Cha","SJ",0.63,"7"
"2015-09-05","Tony Cha","SJ",0.62,"7"
"2015-09-05","Kevin Querubin","SJ",0.59,"7"
"2015-09-05","Kevin Querubin","SJ",0.59,"7"
"2015-09-05","Scott Lucero","SJ",0.56,"7"
"2015-09-05","Scott Lucero","SJ",0.56,"7"
"2015-09-05","Shawn James","SJ",0.58,"7"
"2015-09-05","Shawn James","SJ",0.58,"7"
"2015-09-05","Andrew Ortiz-Gonzales","SJ",0.62,"7"
"2015-09-05","Andrew Ortiz-Gonzales","SJ",0.63,"7"
"2015-09-05","Arun Bruckner","SJ",0.53,"7"
"2015-09-05","Arun Bruckner","SJ",0.53,"7"
"2015-09-05","Saleem el-Sham","SJ",0.59,"7"
"2015-09-05","Saleem el-Sham","SJ",0.58,"7"
"2015-09-09","Keandre Johnson","SJ",0.61,"8"
"2015-09-09","Keandre Johnson","SJ",0.6,"8"
"2015-09-09","Benjamin Babatunde","SJ",0.62,"8"
"2015-09-09","Benjamin Babatunde","SJ",0.62,"8"
"2015-09-09","Joo Garand","SJ",0.62,"8"
"2015-09-09","Joo Garand","SJ",0.63,"8"
"2015-09-09","Steve Galligan","SJ",0.59,"8"
"2015-09-09","Steve Galligan","SJ",0.58,"8"
"2015-09-09","Jungsoo Moua","SJ",0.58,"8"
"2015-09-09","Jungsoo Moua","SJ",0.58,"8"
"2015-09-09","Kong Meng Hutchinson","SJ",0.59,"8"
"2015-09-09","Kong Meng Hutchinson","SJ",0.58,"8"
"2015-09-09","Naadir el-Mahdavi","SJ",0.6,"8"
"2015-09-09","Naadir el-Mahdavi","SJ",0.61,"8"
"2015-09-09","Brandon Troxel","SJ",0.53,"8"
"2015-09-09","Brandon Troxel","SJ",0.53,"8"
"2015-09-09","Aqeel al-Hossain","SJ",0.59,"8"
"2015-09-09","Aqeel al-Hossain","SJ",0.6,"8"
"2015-09-09","Darin Russell","SJ",0.55,"8"
"2015-09-09","Darin Russell","SJ",0.56,"8"
"2015-09-09","Sahl al-Sader","SJ",0.6,"8"
"2015-09-09","Sahl al-Sader","SJ",0.6,"8"
"2015-09-09","Aiden Jaeger","SJ",0.54,"8"
"2015-09-09","Aiden Jaeger","SJ",0.53,"8"
"2015-09-09","Tony Cha","SJ",0.64,"8"
"2015-09-09","Tony Cha","SJ",0.64,"8"
"2015-09-09","Kevin Querubin","SJ",0.6,"8"
"2015-09-09","Kevin Querubin","SJ",0.59,"8"
"2015-09-09","Kordell Thompson","SJ",0.6,"8"
"2015-09-09","Kordell Thompson","SJ",0.59,"8"
"2015-09-09","Rocky Mccarty","SJ",0.55,"8"
"2015-09-09","Rocky Mccarty","SJ",0.55,"8"
"2015-09-09","Scott Lucero","SJ",0.57,"8"
"2015-09-09","Scott Lucero","SJ",0.58,"8"
"2015-09-09","Torben Mcclelland","SJ",0.62,"8"
"2015-09-09","Torben Mcclelland","SJ",0.63,"8"
"2015-09-09","Marzooq al-Fahs","SJ",0.64,"8"
"2015-09-09","Marzooq al-Fahs","SJ",0.64,"8"
"2015-09-09","Muhaajir al-Mirza","SJ",0.61,"8"
"2015-09-09","Muhaajir al-Mirza","SJ",0.62,"8"
"2015-09-09","Andrew Ortiz-Gonzales","SJ",0.61,"8"
"2015-09-09","Andrew Ortiz-Gonzales","SJ",0.61,"8"
"2015-09-09","Taaha el-Qazi","SJ",0.57,"8"
"2015-09-09","Taaha el-Qazi","SJ",0.56,"8"
"2015-09-09","Lawrence Tamayo","SJ",0.57,"8"
"2015-09-09","Lawrence Tamayo","SJ",0.56,"8"
"2015-09-09","Husaam al-Ishak","SJ",0.52,"8"
"2015-09-09","Husaam al-Ishak","SJ",0.51,"8"
"2015-09-09","Bishr el-Hamdan","SJ",0.57,"8"
"2015-09-09","Bishr el-Hamdan","SJ",0.57,"8"
"2015-09-09","Arun Bruckner","SJ",0.54,"8"
"2015-09-09","Arun Bruckner","SJ",0.53,"8"
"2015-09-09","Mori Tani","SJ",0.6,"8"
"2015-09-09","Mori Tani","SJ",0.6,"8"
"2015-09-09","Tayyib al-Wahab","SJ",0.61,"8"
"2015-09-09","Tayyib al-Wahab","SJ",0.62,"8"
"2015-09-09","Saleem el-Sham","SJ",0.61,"8"
"2015-09-09","Saleem el-Sham","SJ",0.62,"8"
"2015-09-16","Benjamin Babatunde","SJ",0.62,"9"
"2015-09-16","Benjamin Babatunde","SJ",0.62,"9"
"2015-09-16","Joo Garand","SJ",0.6,"9"
"2015-09-16","Joo Garand","SJ",0.59,"9"
"2015-09-16","Steve Galligan","SJ",0.6,"9"
"2015-09-16","Steve Galligan","SJ",0.59,"9"
"2015-09-16","Jungsoo Moua","SJ",0.57,"9"
"2015-09-16","Jungsoo Moua","SJ",0.57,"9"
"2015-09-16","Kong Meng Hutchinson","SJ",0.6,"9"
"2015-09-16","Kong Meng Hutchinson","SJ",0.59,"9"
"2015-09-16","Naadir el-Mahdavi","SJ",0.6,"9"
"2015-09-16","Naadir el-Mahdavi","SJ",0.59,"9"
"2015-09-16","Brandon Troxel","SJ",0.53,"9"
"2015-09-16","Brandon Troxel","SJ",0.52,"9"
"2015-09-16","Aqeel al-Hossain","SJ",0.6,"9"
"2015-09-16","Aqeel al-Hossain","SJ",0.59,"9"
"2015-09-16","Darin Russell","SJ",0.54,"9"
"2015-09-16","Darin Russell","SJ",0.54,"9"
"2015-09-16","Sahl al-Sader","SJ",0.62,"9"
"2015-09-16","Sahl al-Sader","SJ",0.61,"9"
"2015-09-16","Aiden Jaeger","SJ",0.58,"9"
"2015-09-16","Aiden Jaeger","SJ",0.59,"9"
"2015-09-16","Tony Cha","SJ",0.61,"9"
"2015-09-16","Tony Cha","SJ",0.61,"9"
"2015-09-16","Kevin Querubin","SJ",0.62,"9"
"2015-09-16","Kevin Querubin","SJ",0.62,"9"
"2015-09-16","Kordell Thompson","SJ",0.55,"9"
"2015-09-16","Kordell Thompson","SJ",0.56,"9"
"2015-09-16","Joaquin Martinez","SJ",0.57,"9"
"2015-09-16","Joaquin Martinez","SJ",0.56,"9"
"2015-09-16","Rocky Mccarty","SJ",0.51,"9"
"2015-09-16","Rocky Mccarty","SJ",0.52,"9"
"2015-09-16","Scott Lucero","SJ",0.58,"9"
"2015-09-16","Scott Lucero","SJ",0.58,"9"
"2015-09-16","Torben Mcclelland","SJ",0.63,"9"
"2015-09-16","Torben Mcclelland","SJ",0.64,"9"
"2015-09-16","Marzooq al-Fahs","SJ",0.64,"9"
"2015-09-16","Marzooq al-Fahs","SJ",0.64,"9"
"2015-09-16","Muhaajir al-Mirza","SJ",0.61,"9"
"2015-09-16","Muhaajir al-Mirza","SJ",0.62,"9"
"2015-09-16","Andrew Ortiz-Gonzales","SJ",0.61,"9"
"2015-09-16","Andrew Ortiz-Gonzales","SJ",0.61,"9"
"2015-09-16","Taaha el-Qazi","SJ",0.56,"9"
"2015-09-16","Taaha el-Qazi","SJ",0.55,"9"
"2015-09-16","Lawrence Tamayo","SJ",0.56,"9"
"2015-09-16","Lawrence Tamayo","SJ",0.57,"9"
"2015-09-16","Husaam al-Ishak","SJ",0.51,"9"
"2015-09-16","Husaam al-Ishak","SJ",0.52,"9"
"2015-09-16","Bishr el-Hamdan","SJ",0.58,"9"
"2015-09-16","Bishr el-Hamdan","SJ",0.58,"9"
"2015-09-16","Arun Bruckner","SJ",0.54,"9"
"2015-09-16","Arun Bruckner","SJ",0.55,"9"
"2015-09-16","Mori Tani","SJ",0.58,"9"
"2015-09-16","Mori Tani","SJ",0.57,"9"
"2015-09-16","Tayyib al-Wahab","SJ",0.61,"9"
"2015-09-16","Tayyib al-Wahab","SJ",0.62,"9"
"2015-09-16","Saleem el-Sham","SJ",0.6,"9"
"2015-09-16","Saleem el-Sham","SJ",0.6,"9"
"2015-09-22","Benjamin Babatunde","SJ",0.62,"10"
"2015-09-22","Benjamin Babatunde","SJ",0.62,"10"
"2015-09-22","Joo Garand","SJ",0.62,"10"
"2015-09-22","Joo Garand","SJ",0.61,"10"
"2015-09-22","Steve Galligan","SJ",0.58,"10"
"2015-09-22","Steve Galligan","SJ",0.58,"10"
"2015-09-22","Jungsoo Moua","SJ",0.59,"10"
"2015-09-22","Jungsoo Moua","SJ",0.59,"10"
"2015-09-22","Kong Meng Hutchinson","SJ",0.59,"10"
"2015-09-22","Kong Meng Hutchinson","SJ",0.6,"10"
"2015-09-22","Naadir el-Mahdavi","SJ",0.57,"10"
"2015-09-22","Naadir el-Mahdavi","SJ",0.57,"10"
"2015-09-22","Brandon Troxel","SJ",0.53,"10"
"2015-09-22","Brandon Troxel","SJ",0.54,"10"
"2015-09-22","Aqeel al-Hossain","SJ",0.6,"10"
"2015-09-22","Aqeel al-Hossain","SJ",0.59,"10"
"2015-09-22","Darin Russell","SJ",0.54,"10"
"2015-09-22","Darin Russell","SJ",0.54,"10"
"2015-09-22","Sahl al-Sader","SJ",0.62,"10"
"2015-09-22","Sahl al-Sader","SJ",0.61,"10"
"2015-09-22","Aiden Jaeger","SJ",0.59,"10"
"2015-09-22","Aiden Jaeger","SJ",0.59,"10"
"2015-09-22","Tony Cha","SJ",0.63,"10"
"2015-09-22","Tony Cha","SJ",0.63,"10"
"2015-09-22","Kevin Querubin","SJ",0.61,"10"
"2015-09-22","Kevin Querubin","SJ",0.62,"10"
"2015-09-22","Kordell Thompson","SJ",0.61,"10"
"2015-09-22","Kordell Thompson","SJ",0.61,"10"
"2015-09-22","Joaquin Martinez","SJ",0.56,"10"
"2015-09-22","Joaquin Martinez","SJ",0.55,"10"
"2015-09-22","Rocky Mccarty","SJ",0.57,"10"
"2015-09-22","Rocky Mccarty","SJ",0.56,"10"
"2015-09-22","Scott Lucero","SJ",0.58,"10"
"2015-09-22","Scott Lucero","SJ",0.57,"10"
"2015-09-22","Torben Mcclelland","SJ",0.62,"10"
"2015-09-22","Torben Mcclelland","SJ",0.62,"10"
"2015-09-22","Marzooq al-Fahs","SJ",0.63,"10"
"2015-09-22","Marzooq al-Fahs","SJ",0.63,"10"
"2015-09-22","Muhaajir al-Mirza","SJ",0.63,"10"
"2015-09-22","Muhaajir al-Mirza","SJ",0.62,"10"
"2015-09-22","Andrew Ortiz-Gonzales","SJ",0.62,"10"
"2015-09-22","Andrew Ortiz-Gonzales","SJ",0.62,"10"
"2015-09-22","Taaha el-Qazi","SJ",0.58,"10"
"2015-09-22","Taaha el-Qazi","SJ",0.58,"10"
"2015-09-22","Lawrence Tamayo","SJ",0.59,"10"
"2015-09-22","Lawrence Tamayo","SJ",0.6,"10"
"2015-09-22","Husaam al-Ishak","SJ",0.54,"10"
"2015-09-22","Husaam al-Ishak","SJ",0.54,"10"
"2015-09-22","Bishr el-Hamdan","SJ",0.58,"10"
"2015-09-22","Bishr el-Hamdan","SJ",0.58,"10"
"2015-09-22","Arun Bruckner","SJ",0.57,"10"
"2015-09-22","Arun Bruckner","SJ",0.56,"10"
"2015-09-22","Mori Tani","SJ",0.6,"10"
"2015-09-22","Mori Tani","SJ",0.61,"10"
"2015-09-22","Tayyib al-Wahab","SJ",0.62,"10"
"2015-09-22","Tayyib al-Wahab","SJ",0.61,"10"
"2015-09-22","Saleem el-Sham","SJ",0.64,"10"
"2015-09-22","Saleem el-Sham","SJ",0.65,"10"
"2015-09-29","Benjamin Babatunde","SJ",0.62,"11"
"2015-09-29","Benjamin Babatunde","SJ",0.63,"11"
"2015-09-29","Joo Garand","SJ",0.63,"11"
"2015-09-29","Joo Garand","SJ",0.62,"11"
"2015-09-29","Steve Galligan","SJ",0.59,"11"
"2015-09-29","Steve Galligan","SJ",0.6,"11"
"2015-09-29","Brandon Troxel","SJ",0.54,"11"
"2015-09-29","Brandon Troxel","SJ",0.53,"11"
"2015-09-29","Darin Russell","SJ",0.53,"11"
"2015-09-29","Darin Russell","SJ",0.52,"11"
"2015-09-29","Sahl al-Sader","SJ",0.59,"11"
"2015-09-29","Sahl al-Sader","SJ",0.58,"11"
"2015-09-29","Tony Cha","SJ",0.63,"11"
"2015-09-29","Tony Cha","SJ",0.62,"11"
"2015-09-29","Kevin Querubin","SJ",0.63,"11"
"2015-09-29","Kevin Querubin","SJ",0.62,"11"
"2015-09-29","Kordell Thompson","SJ",0.57,"11"
"2015-09-29","Kordell Thompson","SJ",0.56,"11"
"2015-09-29","Joaquin Martinez","SJ",0.55,"11"
"2015-09-29","Joaquin Martinez","SJ",0.55,"11"
"2015-09-29","Rocky Mccarty","SJ",0.53,"11"
"2015-09-29","Rocky Mccarty","SJ",0.53,"11"
"2015-09-29","Scott Lucero","SJ",0.56,"11"
"2015-09-29","Scott Lucero","SJ",0.56,"11"
"2015-09-29","Torben Mcclelland","SJ",0.61,"11"
"2015-09-29","Torben Mcclelland","SJ",0.62,"11"
"2015-09-29","Marzooq al-Fahs","SJ",0.58,"11"
"2015-09-29","Marzooq al-Fahs","SJ",0.59,"11"
"2015-09-29","Muhaajir al-Mirza","SJ",0.61,"11"
"2015-09-29","Muhaajir al-Mirza","SJ",0.61,"11"
"2015-09-29","Andrew Ortiz-Gonzales","SJ",0.61,"11"
"2015-09-29","Andrew Ortiz-Gonzales","SJ",0.61,"11"
"2015-09-29","Taaha el-Qazi","SJ",0.55,"11"
"2015-09-29","Taaha el-Qazi","SJ",0.56,"11"
"2015-09-29","Lawrence Tamayo","SJ",0.59,"11"
"2015-09-29","Lawrence Tamayo","SJ",0.6,"11"
"2015-09-29","Bishr el-Hamdan","SJ",0.57,"11"
"2015-09-29","Bishr el-Hamdan","SJ",0.57,"11"
"2015-09-29","Mori Tani","SJ",0.6,"11"
"2015-09-29","Mori Tani","SJ",0.6,"11"
"2015-09-29","Tayyib al-Wahab","SJ",0.6,"11"
"2015-09-29","Tayyib al-Wahab","SJ",0.61,"11"
"2015-09-29","Saleem el-Sham","SJ",0.63,"11"
"2015-09-29","Saleem el-Sham","SJ",0.63,"11"
"2015-10-02","Benjamin Babatunde","SJ",0.63,"12"
"2015-10-02","Benjamin Babatunde","SJ",0.62,"12"
"2015-10-02","Joo Garand","SJ",0.64,"12"
"2015-10-02","Joo Garand","SJ",0.63,"12"
"2015-10-02","Steve Galligan","SJ",0.59,"12"
"2015-10-02","Steve Galligan","SJ",0.6,"12"
"2015-10-02","Kong Meng Hutchinson","SJ",0.59,"12"
"2015-10-02","Kong Meng Hutchinson","SJ",0.6,"12"
"2015-10-02","Naadir el-Mahdavi","SJ",0.59,"12"
"2015-10-02","Naadir el-Mahdavi","SJ",0.58,"12"
"2015-10-02","Brandon Troxel","SJ",0.55,"12"
"2015-10-02","Brandon Troxel","SJ",0.55,"12"
"2015-10-02","Darin Russell","SJ",0.52,"12"
"2015-10-02","Darin Russell","SJ",0.53,"12"
"2015-10-02","Sahl al-Sader","SJ",0.58,"12"
"2015-10-02","Sahl al-Sader","SJ",0.58,"12"
"2015-10-02","Tony Cha","SJ",0.63,"12"
"2015-10-02","Tony Cha","SJ",0.62,"12"
"2015-10-02","Kevin Querubin","SJ",0.62,"12"
"2015-10-02","Kevin Querubin","SJ",0.61,"12"
"2015-10-02","Kordell Thompson","SJ",0.58,"12"
"2015-10-02","Kordell Thompson","SJ",0.59,"12"
"2015-10-02","Joaquin Martinez","SJ",0.55,"12"
"2015-10-02","Joaquin Martinez","SJ",0.54,"12"
"2015-10-02","Rocky Mccarty","SJ",0.55,"12"
"2015-10-02","Rocky Mccarty","SJ",0.54,"12"
"2015-10-02","Keandre Johnson","SJ",0.62,"12"
"2015-10-02","Keandre Johnson","SJ",0.62,"12"
"2015-10-02","Scott Lucero","SJ",0.57,"12"
"2015-10-02","Scott Lucero","SJ",0.58,"12"
"2015-10-02","Torben Mcclelland","SJ",0.58,"12"
"2015-10-02","Torben Mcclelland","SJ",0.59,"12"
"2015-10-02","Marzooq al-Fahs","SJ",0.58,"12"
"2015-10-02","Marzooq al-Fahs","SJ",0.59,"12"
"2015-10-02","Muhaajir al-Mirza","SJ",0.59,"12"
"2015-10-02","Muhaajir al-Mirza","SJ",0.6,"12"
"2015-10-02","Andrew Ortiz-Gonzales","SJ",0.62,"12"
"2015-10-02","Andrew Ortiz-Gonzales","SJ",0.62,"12"
"2015-10-02","Taaha el-Qazi","SJ",0.56,"12"
"2015-10-02","Taaha el-Qazi","SJ",0.55,"12"
"2015-10-02","Lawrence Tamayo","SJ",0.58,"12"
"2015-10-02","Lawrence Tamayo","SJ",0.58,"12"
"2015-10-02","Bishr el-Hamdan","SJ",0.59,"12"
"2015-10-02","Bishr el-Hamdan","SJ",0.59,"12"
"2015-10-02","Arun Bruckner","SJ",0.54,"12"
"2015-10-02","Arun Bruckner","SJ",0.54,"12"
"2015-10-02","Mori Tani","SJ",0.59,"12"
"2015-10-02","Mori Tani","SJ",0.59,"12"
"2015-10-02","Tayyib al-Wahab","SJ",0.6,"12"
"2015-10-02","Tayyib al-Wahab","SJ",0.6,"12"
"2015-10-02","Saleem el-Sham","SJ",0.64,"12"
"2015-10-02","Saleem el-Sham","SJ",0.63,"12"
"2015-10-10","Benjamin Babatunde","SJ",0.63,"13"
"2015-10-10","Benjamin Babatunde","SJ",0.63,"13"
"2015-10-10","Joo Garand","SJ",0.62,"13"
"2015-10-10","Joo Garand","SJ",0.62,"13"
"2015-10-10","Steve Galligan","SJ",0.6,"13"
"2015-10-10","Steve Galligan","SJ",0.61,"13"
"2015-10-10","Kong Meng Hutchinson","SJ",0.6,"13"
"2015-10-10","Kong Meng Hutchinson","SJ",0.61,"13"
"2015-10-10","Naadir el-Mahdavi","SJ",0.6,"13"
"2015-10-10","Naadir el-Mahdavi","SJ",0.6,"13"
"2015-10-10","Brandon Troxel","SJ",0.55,"13"
"2015-10-10","Brandon Troxel","SJ",0.54,"13"
"2015-10-10","Darin Russell","SJ",0.55,"13"
"2015-10-10","Darin Russell","SJ",0.54,"13"
"2015-10-10","Sahl al-Sader","SJ",0.6,"13"
"2015-10-10","Sahl al-Sader","SJ",0.6,"13"
"2015-10-10","Tony Cha","SJ",0.62,"13"
"2015-10-10","Tony Cha","SJ",0.62,"13"
"2015-10-10","Kevin Querubin","SJ",0.61,"13"
"2015-10-10","Kevin Querubin","SJ",0.61,"13"
"2015-10-10","Kordell Thompson","SJ",0.57,"13"
"2015-10-10","Kordell Thompson","SJ",0.58,"13"
"2015-10-10","Joaquin Martinez","SJ",0.54,"13"
"2015-10-10","Joaquin Martinez","SJ",0.54,"13"
"2015-10-10","Rocky Mccarty","SJ",0.53,"13"
"2015-10-10","Rocky Mccarty","SJ",0.54,"13"
"2015-10-10","Keandre Johnson","SJ",0.66,"13"
"2015-10-10","Keandre Johnson","SJ",0.66,"13"
"2015-10-10","Scott Lucero","SJ",0.56,"13"
"2015-10-10","Scott Lucero","SJ",0.56,"13"
"2015-10-10","Torben Mcclelland","SJ",0.58,"13"
"2015-10-10","Torben Mcclelland","SJ",0.58,"13"
"2015-10-10","Marzooq al-Fahs","SJ",0.61,"13"
"2015-10-10","Marzooq al-Fahs","SJ",0.61,"13"
"2015-10-10","Muhaajir al-Mirza","SJ",0.59,"13"
"2015-10-10","Muhaajir al-Mirza","SJ",0.58,"13"
"2015-10-10","Andrew Ortiz-Gonzales","SJ",0.59,"13"
"2015-10-10","Andrew Ortiz-Gonzales","SJ",0.59,"13"
"2015-10-10","Taaha el-Qazi","SJ",0.56,"13"
"2015-10-10","Taaha el-Qazi","SJ",0.55,"13"
"2015-10-10","Lawrence Tamayo","SJ",0.59,"13"
"2015-10-10","Lawrence Tamayo","SJ",0.6,"13"
"2015-10-10","Bishr el-Hamdan","SJ",0.57,"13"
"2015-10-10","Bishr el-Hamdan","SJ",0.58,"13"
"2015-10-10","Arun Bruckner","SJ",0.56,"13"
"2015-10-10","Arun Bruckner","SJ",0.55,"13"
"2015-10-10","Mori Tani","SJ",0.58,"13"
"2015-10-10","Mori Tani","SJ",0.59,"13"
"2015-10-10","Tayyib al-Wahab","SJ",0.6,"13"
"2015-10-10","Tayyib al-Wahab","SJ",0.6,"13"
"2015-10-10","Saleem el-Sham","SJ",0.63,"13"
"2015-10-10","Saleem el-Sham","SJ",0.62,"13"
"2015-10-13","Benjamin Babatunde","SJ",0.61,"14"
"2015-10-13","Benjamin Babatunde","SJ",0.6,"14"
"2015-10-13","Joo Garand","SJ",0.64,"14"
"2015-10-13","Joo Garand","SJ",0.64,"14"
"2015-10-13","Steve Galligan","SJ",0.58,"14"
"2015-10-13","Steve Galligan","SJ",0.58,"14"
"2015-10-13","Kong Meng Hutchinson","SJ",0.58,"14"
"2015-10-13","Kong Meng Hutchinson","SJ",0.59,"14"
"2015-10-13","Naadir el-Mahdavi","SJ",0.57,"14"
"2015-10-13","Naadir el-Mahdavi","SJ",0.57,"14"
"2015-10-13","Brandon Troxel","SJ",0.54,"14"
"2015-10-13","Brandon Troxel","SJ",0.54,"14"
"2015-10-13","Darin Russell","SJ",0.52,"14"
"2015-10-13","Darin Russell","SJ",0.51,"14"
"2015-10-13","Sahl al-Sader","SJ",0.56,"14"
"2015-10-13","Sahl al-Sader","SJ",0.57,"14"
"2015-10-13","Aiden Jaeger","SJ",0.59,"14"
"2015-10-13","Aiden Jaeger","SJ",0.59,"14"
"2015-10-13","Tony Cha","SJ",0.61,"14"
"2015-10-13","Tony Cha","SJ",0.61,"14"
"2015-10-13","Kevin Querubin","SJ",0.62,"14"
"2015-10-13","Kevin Querubin","SJ",0.62,"14"
"2015-10-13","Kordell Thompson","SJ",0.58,"14"
"2015-10-13","Kordell Thompson","SJ",0.58,"14"
"2015-10-13","Joaquin Martinez","SJ",0.51,"14"
"2015-10-13","Joaquin Martinez","SJ",0.52,"14"
"2015-10-13","Rocky Mccarty","SJ",0.55,"14"
"2015-10-13","Rocky Mccarty","SJ",0.55,"14"
"2015-10-13","Keandre Johnson","SJ",0.61,"14"
"2015-10-13","Keandre Johnson","SJ",0.62,"14"
"2015-10-13","Scott Lucero","SJ",0.57,"14"
"2015-10-13","Scott Lucero","SJ",0.57,"14"
"2015-10-13","Marzooq al-Fahs","SJ",0.61,"14"
"2015-10-13","Marzooq al-Fahs","SJ",0.61,"14"
"2015-10-13","Muhaajir al-Mirza","SJ",0.6,"14"
"2015-10-13","Muhaajir al-Mirza","SJ",0.61,"14"
"2015-10-13","Andrew Ortiz-Gonzales","SJ",0.62,"14"
"2015-10-13","Andrew Ortiz-Gonzales","SJ",0.63,"14"
"2015-10-13","Taaha el-Qazi","SJ",0.54,"14"
"2015-10-13","Taaha el-Qazi","SJ",0.55,"14"
"2015-10-13","Lawrence Tamayo","SJ",0.58,"14"
"2015-10-13","Lawrence Tamayo","SJ",0.59,"14"
"2015-10-13","Bishr el-Hamdan","SJ",0.6,"14"
"2015-10-13","Bishr el-Hamdan","SJ",0.6,"14"
"2015-10-13","Mori Tani","SJ",0.57,"14"
"2015-10-13","Mori Tani","SJ",0.58,"14"
"2015-10-13","Tayyib al-Wahab","SJ",0.6,"14"
"2015-10-13","Tayyib al-Wahab","SJ",0.6,"14"
"2015-10-13","Saleem el-Sham","SJ",0.61,"14"
"2015-10-13","Saleem el-Sham","SJ",0.6,"14"
"2015-10-20","Rocky Mccarty","SJ",0.53,"15"
"2015-10-20","Rocky Mccarty","SJ",0.53,"15"
"2015-10-20","Marzooq al-Fahs","SJ",0.6,"15"
"2015-10-20","Marzooq al-Fahs","SJ",0.59,"15"
"2015-10-20","Arun Bruckner","SJ",0.55,"15"
"2015-10-20","Arun Bruckner","SJ",0.54,"15"
"2015-10-20","Scott Lucero","SJ",0.58,"15"
"2015-10-20","Scott Lucero","SJ",0.57,"15"
"2015-10-20","Tony Cha","SJ",0.6,"15"
"2015-10-20","Tony Cha","SJ",0.61,"15"
"2015-10-20","Muhaajir al-Mirza","SJ",0.6,"15"
"2015-10-20","Muhaajir al-Mirza","SJ",0.6,"15"
"2015-10-20","Joo Garand","SJ",0.62,"15"
"2015-10-20","Joo Garand","SJ",0.61,"15"
"2015-10-20","Naadir el-Mahdavi","SJ",0.58,"15"
"2015-10-20","Naadir el-Mahdavi","SJ",0.57,"15"
"2015-10-20","Taaha el-Qazi","SJ",0.57,"15"
"2015-10-20","Taaha el-Qazi","SJ",0.57,"15"
"2015-10-20","Benjamin Babatunde","SJ",0.61,"15"
"2015-10-20","Benjamin Babatunde","SJ",0.6,"15"
"2015-10-20","Kevin Querubin","SJ",0.63,"15"
"2015-10-20","Kevin Querubin","SJ",0.63,"15"
"2015-10-20","Brandon Troxel","SJ",0.55,"15"
"2015-10-20","Brandon Troxel","SJ",0.55,"15"
"2015-10-20","Mori Tani","SJ",0.58,"15"
"2015-10-20","Mori Tani","SJ",0.57,"15"
"2015-10-20","Lawrence Tamayo","SJ",0.59,"15"
"2015-10-20","Lawrence Tamayo","SJ",0.6,"15"
"2015-10-20","Keandre Johnson","SJ",0.61,"15"
"2015-10-20","Keandre Johnson","SJ",0.62,"15"
"2015-10-20","Tayyib al-Wahab","SJ",0.61,"15"
"2015-10-20","Tayyib al-Wahab","SJ",0.61,"15"
"2015-10-20","Sahl al-Sader","SJ",0.59,"15"
"2015-10-20","Sahl al-Sader","SJ",0.59,"15"
"2015-10-20","Kordell Thompson","SJ",0.57,"15"
"2015-10-20","Kordell Thompson","SJ",0.57,"15"
"2015-10-20","Joaquin Martinez","SJ",0.55,"15"
"2015-10-20","Joaquin Martinez","SJ",0.54,"15"
"2015-10-20","Bishr el-Hamdan","SJ",0.61,"15"
"2015-10-20","Bishr el-Hamdan","SJ",0.61,"15"
"2015-10-20","Saleem el-Sham","SJ",0.6,"15"
"2015-10-20","Saleem el-Sham","SJ",0.6,"15"
"2015-10-20","Aiden Jaeger","SJ",0.52,"15"
"2015-10-20","Aiden Jaeger","SJ",0.53,"15"
"2015-10-20","Andrew Ortiz-Gonzales","SJ",0.63,"15"
"2015-10-20","Andrew Ortiz-Gonzales","SJ",0.64,"15"
"2015-10-20","Darin Russell","SJ",0.51,"15"
"2015-10-20","Darin Russell","SJ",0.52,"15"
"2015-10-20","Steve Galligan","SJ",0.59,"15"
"2015-10-20","Steve Galligan","SJ",0.6,"15"
"2015-10-23","Joo Garand","SJ",0.64,"16"
"2015-10-23","Joo Garand","SJ",0.65,"16"
"2015-10-23","Steve Galligan","SJ",0.58,"16"
"2015-10-23","Steve Galligan","SJ",0.59,"16"
"2015-10-23","Naadir el-Mahdavi","SJ",0.57,"16"
"2015-10-23","Naadir el-Mahdavi","SJ",0.57,"16"
"2015-10-23","Brandon Troxel","SJ",0.53,"16"
"2015-10-23","Brandon Troxel","SJ",0.52,"16"
"2015-10-23","Darin Russell","SJ",0.53,"16"
"2015-10-23","Darin Russell","SJ",0.54,"16"
"2015-10-23","Sahl al-Sader","SJ",0.61,"16"
"2015-10-23","Sahl al-Sader","SJ",0.62,"16"
"2015-10-23","Aiden Jaeger","SJ",0.58,"16"
"2015-10-23","Aiden Jaeger","SJ",0.58,"16"
"2015-10-23","Tony Cha","SJ",0.62,"16"
"2015-10-23","Tony Cha","SJ",0.62,"16"
"2015-10-23","Kevin Querubin","SJ",0.63,"16"
"2015-10-23","Kevin Querubin","SJ",0.63,"16"
"2015-10-23","Kordell Thompson","SJ",0.57,"16"
"2015-10-23","Kordell Thompson","SJ",0.57,"16"
"2015-10-23","Joaquin Martinez","SJ",0.54,"16"
"2015-10-23","Joaquin Martinez","SJ",0.53,"16"
"2015-10-23","Rocky Mccarty","SJ",0.54,"16"
"2015-10-23","Rocky Mccarty","SJ",0.54,"16"
"2015-10-23","Keandre Johnson","SJ",0.59,"16"
"2015-10-23","Keandre Johnson","SJ",0.6,"16"
"2015-10-23","Scott Lucero","SJ",0.58,"16"
"2015-10-23","Scott Lucero","SJ",0.57,"16"
"2015-10-23","Marzooq al-Fahs","SJ",0.59,"16"
"2015-10-23","Marzooq al-Fahs","SJ",0.58,"16"
"2015-10-23","Muhaajir al-Mirza","SJ",0.6,"16"
"2015-10-23","Muhaajir al-Mirza","SJ",0.6,"16"
"2015-10-23","Taaha el-Qazi","SJ",0.56,"16"
"2015-10-23","Taaha el-Qazi","SJ",0.57,"16"
"2015-10-23","Lawrence Tamayo","SJ",0.57,"16"
"2015-10-23","Lawrence Tamayo","SJ",0.56,"16"
"2015-10-23","Arun Bruckner","SJ",0.55,"16"
"2015-10-23","Arun Bruckner","SJ",0.55,"16"
"2015-10-23","Mori Tani","SJ",0.59,"16"
"2015-10-23","Mori Tani","SJ",0.59,"16"
"2015-10-23","Saleem el-Sham","SJ",0.63,"16"
"2015-10-23","Saleem el-Sham","SJ",0.62,"16"
"2015-10-31","Benjamin Babatunde","SJ",0.59,"17"
"2015-10-31","Benjamin Babatunde","SJ",0.6,"17"
"2015-10-31","Saleem el-Sham","SJ",0.58,"17"
"2015-10-31","Saleem el-Sham","SJ",0.58,"17"
"2015-10-31","Kevin Querubin","SJ",0.63,"17"
"2015-10-31","Kevin Querubin","SJ",0.64,"17"
"2015-10-31","Tony Cha","SJ",0.59,"17"
"2015-10-31","Tony Cha","SJ",0.58,"17"
"2015-10-31","Kordell Thompson","SJ",0.56,"17"
"2015-10-31","Kordell Thompson","SJ",0.57,"17"
"2015-10-31","Brandon Troxel","SJ",0.56,"17"
"2015-10-31","Brandon Troxel","SJ",0.56,"17"
"2015-10-31","Keandre Johnson","SJ",0.63,"17"
"2015-10-31","Keandre Johnson","SJ",0.62,"17"
"2015-10-31","Darin Russell","SJ",0.53,"17"
"2015-10-31","Darin Russell","SJ",0.53,"17"
"2015-10-31","Joo Garand","SJ",0.63,"17"
"2015-10-31","Joo Garand","SJ",0.62,"17"
"2015-10-31","Joaquin Martinez","SJ",0.57,"17"
"2015-10-31","Joaquin Martinez","SJ",0.57,"17"
"2015-10-31","Scott Lucero","SJ",0.57,"17"
"2015-10-31","Scott Lucero","SJ",0.56,"17"
"2015-10-31","Marzooq al-Fahs","SJ",0.61,"17"
"2015-10-31","Marzooq al-Fahs","SJ",0.62,"17"
"2015-10-31","Andrew Ortiz-Gonzales","SJ",0.62,"17"
"2015-10-31","Andrew Ortiz-Gonzales","SJ",0.62,"17"
"2015-10-31","Taaha el-Qazi","SJ",0.57,"17"
"2015-10-31","Taaha el-Qazi","SJ",0.56,"17"
"2015-10-31","Arun Bruckner","SJ",0.55,"17"
"2015-10-31","Arun Bruckner","SJ",0.56,"17"
"2015-10-31","Steve Galligan","SJ",0.59,"17"
"2015-10-31","Steve Galligan","SJ",0.6,"17"
"2015-10-31","Kong Meng Hutchinson","SJ",0.59,"17"
"2015-10-31","Kong Meng Hutchinson","SJ",0.58,"17"
"2015-10-31","Sahl al-Sader","SJ",0.59,"17"
"2015-10-31","Sahl al-Sader","SJ",0.6,"17"
"2015-10-31","Aiden Jaeger","SJ",0.55,"17"
"2015-10-31","Aiden Jaeger","SJ",0.54,"17"
"2015-10-31","Rocky Mccarty","SJ",0.54,"17"
"2015-10-31","Rocky Mccarty","SJ",0.54,"17"
"2015-10-31","Muhaajir al-Mirza","SJ",0.61,"17"
"2015-10-31","Muhaajir al-Mirza","SJ",0.6,"17"
"2015-10-31","Lawrence Tamayo","SJ",0.59,"17"
"2015-10-31","Lawrence Tamayo","SJ",0.58,"17"
"2015-10-31","Bishr el-Hamdan","SJ",0.59,"17"
"2015-10-31","Bishr el-Hamdan","SJ",0.58,"17"
"2015-10-31","Mori Tani","SJ",0.6,"17"
"2015-10-31","Mori Tani","SJ",0.61,"17"
"2015-10-31","Tayyib al-Wahab","SJ",0.61,"17"
"2015-10-31","Tayyib al-Wahab","SJ",0.61,"17"
"2015-11-07","Bishr el-Hamdan","SJ",0.61,"18"
"2015-11-07","Bishr el-Hamdan","SJ",0.6,"18"
"2015-11-07","Tayyib al-Wahab","SJ",0.6,"18"
"2015-11-07","Tayyib al-Wahab","SJ",0.6,"18"
"2015-11-07","Benjamin Babatunde","SJ",0.6,"18"
"2015-11-07","Benjamin Babatunde","SJ",0.6,"18"
"2015-11-07","Joo Garand","SJ",0.62,"18"
"2015-11-07","Joo Garand","SJ",0.62,"18"
"2015-11-07","Steve Galligan","SJ",0.59,"18"
"2015-11-07","Steve Galligan","SJ",0.6,"18"
"2015-11-07","Kong Meng Hutchinson","SJ",0.59,"18"
"2015-11-07","Kong Meng Hutchinson","SJ",0.58,"18"
"2015-11-07","Brandon Troxel","SJ",0.56,"18"
"2015-11-07","Brandon Troxel","SJ",0.56,"18"
"2015-11-07","Aqeel al-Hossain","SJ",0.61,"18"
"2015-11-07","Aqeel al-Hossain","SJ",0.61,"18"
"2015-11-07","Darin Russell","SJ",0.54,"18"
"2015-11-07","Darin Russell","SJ",0.53,"18"
"2015-11-07","Sahl al-Sader","SJ",0.6,"18"
"2015-11-07","Sahl al-Sader","SJ",0.6,"18"
"2015-11-07","Aiden Jaeger","SJ",0.51,"18"
"2015-11-07","Aiden Jaeger","SJ",0.52,"18"
"2015-11-07","Tony Cha","SJ",0.59,"18"
"2015-11-07","Tony Cha","SJ",0.59,"18"
"2015-11-07","Kevin Querubin","SJ",0.62,"18"
"2015-11-07","Kevin Querubin","SJ",0.62,"18"
"2015-11-07","Kordell Thompson","SJ",0.56,"18"
"2015-11-07","Kordell Thompson","SJ",0.57,"18"
"2015-11-07","Rocky Mccarty","SJ",0.53,"18"
"2015-11-07","Rocky Mccarty","SJ",0.54,"18"
"2015-11-07","Keandre Johnson","SJ",0.64,"18"
"2015-11-07","Keandre Johnson","SJ",0.63,"18"
"2015-11-07","Scott Lucero","SJ",0.54,"18"
"2015-11-07","Scott Lucero","SJ",0.53,"18"
"2015-11-07","Marzooq al-Fahs","SJ",0.55,"18"
"2015-11-07","Marzooq al-Fahs","SJ",0.54,"18"
"2015-11-07","Muhaajir al-Mirza","SJ",0.61,"18"
"2015-11-07","Muhaajir al-Mirza","SJ",0.62,"18"
"2015-11-07","Andrew Ortiz-Gonzales","SJ",0.6,"18"
"2015-11-07","Andrew Ortiz-Gonzales","SJ",0.59,"18"
"2015-11-07","Taaha el-Qazi","SJ",0.57,"18"
"2015-11-07","Taaha el-Qazi","SJ",0.56,"18"
"2015-11-07","Lawrence Tamayo","SJ",0.59,"18"
"2015-11-07","Lawrence Tamayo","SJ",0.58,"18"
"2015-11-07","Arun Bruckner","SJ",0.56,"18"
"2015-11-07","Arun Bruckner","SJ",0.56,"18"
"2015-11-07","Mori Tani","SJ",0.58,"18"
"2015-11-07","Mori Tani","SJ",0.59,"18"
"2015-11-07","Saleem el-Sham","SJ",0.58,"18"
"2015-11-07","Saleem el-Sham","SJ",0.59,"18"
"2015-11-13","Benjamin Babatunde","SJ",0.61,"19"
"2015-11-13","Benjamin Babatunde","SJ",0.61,"19"
"2015-11-13","Joo Garand","SJ",0.62,"19"
"2015-11-13","Joo Garand","SJ",0.62,"19"
"2015-11-13","Steve Galligan","SJ",0.58,"19"
"2015-11-13","Steve Galligan","SJ",0.59,"19"
"2015-11-13","Kong Meng Hutchinson","SJ",0.57,"19"
"2015-11-13","Kong Meng Hutchinson","SJ",0.58,"19"
"2015-11-13","Brandon Troxel","SJ",0.6,"19"
"2015-11-13","Brandon Troxel","SJ",0.59,"19"
"2015-11-13","Aqeel al-Hossain","SJ",0.59,"19"
"2015-11-13","Aqeel al-Hossain","SJ",0.58,"19"
"2015-11-13","Sahl al-Sader","SJ",0.6,"19"
"2015-11-13","Sahl al-Sader","SJ",0.61,"19"
"2015-11-13","Aiden Jaeger","SJ",0.52,"19"
"2015-11-13","Aiden Jaeger","SJ",0.53,"19"
"2015-11-13","Tony Cha","SJ",0.58,"19"
"2015-11-13","Tony Cha","SJ",0.58,"19"
"2015-11-13","Kevin Querubin","SJ",0.61,"19"
"2015-11-13","Kevin Querubin","SJ",0.62,"19"
"2015-11-13","Kordell Thompson","SJ",0.58,"19"
"2015-11-13","Kordell Thompson","SJ",0.58,"19"
"2015-11-13","Joaquin Martinez","SJ",0.55,"19"
"2015-11-13","Joaquin Martinez","SJ",0.54,"19"
"2015-11-13","Rocky Mccarty","SJ",0.53,"19"
"2015-11-13","Rocky Mccarty","SJ",0.54,"19"
"2015-11-13","Scott Lucero","SJ",0.54,"19"
"2015-11-13","Scott Lucero","SJ",0.55,"19"
"2015-11-13","Marzooq al-Fahs","SJ",0.6,"19"
"2015-11-13","Marzooq al-Fahs","SJ",0.6,"19"
"2015-11-13","Muhaajir al-Mirza","SJ",0.59,"19"
"2015-11-13","Muhaajir al-Mirza","SJ",0.59,"19"
"2015-11-13","Andrew Ortiz-Gonzales","SJ",0.6,"19"
"2015-11-13","Andrew Ortiz-Gonzales","SJ",0.6,"19"
"2015-11-13","Taaha el-Qazi","SJ",0.57,"19"
"2015-11-13","Taaha el-Qazi","SJ",0.57,"19"
"2015-11-13","Lawrence Tamayo","SJ",0.59,"19"
"2015-11-13","Lawrence Tamayo","SJ",0.59,"19"
"2015-11-13","Bishr el-Hamdan","SJ",0.58,"19"
"2015-11-13","Bishr el-Hamdan","SJ",0.59,"19"
"2015-11-13","Arun Bruckner","SJ",0.54,"19"
"2015-11-13","Arun Bruckner","SJ",0.54,"19"
"2015-11-13","Mori Tani","SJ",0.61,"19"
"2015-11-13","Mori Tani","SJ",0.6,"19"
"2015-11-13","Tayyib al-Wahab","SJ",0.59,"19"
"2015-11-13","Tayyib al-Wahab","SJ",0.6,"19"
"2015-11-13","Saleem el-Sham","SJ",0.6,"19"
"2015-11-13","Saleem el-Sham","SJ",0.59,"19"
"2015-11-15","Benjamin Babatunde","SJ",0.6,"20"
"2015-11-15","Benjamin Babatunde","SJ",0.6,"20"
"2015-11-15","Joo Garand","SJ",0.62,"20"
"2015-11-15","Joo Garand","SJ",0.62,"20"
"2015-11-15","Steve Galligan","SJ",0.57,"20"
"2015-11-15","Steve Galligan","SJ",0.56,"20"
"2015-11-15","Kong Meng Hutchinson","SJ",0.58,"20"
"2015-11-15","Kong Meng Hutchinson","SJ",0.58,"20"
"2015-11-15","Brandon Troxel","SJ",0.53,"20"
"2015-11-15","Brandon Troxel","SJ",0.52,"20"
"2015-11-15","Aqeel al-Hossain","SJ",0.58,"20"
"2015-11-15","Aqeel al-Hossain","SJ",0.59,"20"
"2015-11-15","Sahl al-Sader","SJ",0.58,"20"
"2015-11-15","Sahl al-Sader","SJ",0.59,"20"
"2015-11-15","Aiden Jaeger","SJ",0.57,"20"
"2015-11-15","Aiden Jaeger","SJ",0.56,"20"
"2015-11-15","Tony Cha","SJ",0.58,"20"
"2015-11-15","Tony Cha","SJ",0.58,"20"
"2015-11-15","Kevin Querubin","SJ",0.63,"20"
"2015-11-15","Kevin Querubin","SJ",0.63,"20"
"2015-11-15","Kordell Thompson","SJ",0.58,"20"
"2015-11-15","Kordell Thompson","SJ",0.58,"20"
"2015-11-15","Joaquin Martinez","SJ",0.53,"20"
"2015-11-15","Joaquin Martinez","SJ",0.54,"20"
"2015-11-15","Rocky Mccarty","SJ",0.54,"20"
"2015-11-15","Rocky Mccarty","SJ",0.55,"20"
"2015-11-15","Scott Lucero","SJ",0.55,"20"
"2015-11-15","Scott Lucero","SJ",0.56,"20"
"2015-11-15","Muhaajir al-Mirza","SJ",0.61,"20"
"2015-11-15","Muhaajir al-Mirza","SJ",0.6,"20"
"2015-11-15","Andrew Ortiz-Gonzales","SJ",0.58,"20"
"2015-11-15","Andrew Ortiz-Gonzales","SJ",0.59,"20"
"2015-11-15","Taaha el-Qazi","SJ",0.56,"20"
"2015-11-15","Taaha el-Qazi","SJ",0.57,"20"
"2015-11-15","Lawrence Tamayo","SJ",0.56,"20"
"2015-11-15","Lawrence Tamayo","SJ",0.57,"20"
"2015-11-15","Bishr el-Hamdan","SJ",0.58,"20"
"2015-11-15","Bishr el-Hamdan","SJ",0.59,"20"
"2015-11-15","Mori Tani","SJ",0.59,"20"
"2015-11-15","Mori Tani","SJ",0.59,"20"
"2015-11-15","Tayyib al-Wahab","SJ",0.6,"20"
"2015-11-15","Tayyib al-Wahab","SJ",0.61,"20"
"2015-11-15","Saleem el-Sham","SJ",0.6,"20"
"2015-11-15","Saleem el-Sham","SJ",0.61,"20"
